item.id|gender|like.feat|dislike.feat|like.all|dislike.all|odd.ratio
0|F|80|39|321|131|0.8371275660995288
0|M|241|92|321|131|1.0690437491534608
1|F|10|9|51|80|1.7429193899782134
1|M|41|71|51|80|0.9058271195802265
2|F|4|12|34|56|0.5490196078431373
2|M|30|44|34|56|1.1229946524064172
3|F|24|21|122|87|0.8149882903981264
3|M|98|66|122|87|1.0588673621460507
4|F|17|5|39|47|4.097435897435897
4|M|22|42|39|47|0.6312576312576312
5|F|3|2|15|11|1.1
5|M|12|9|15|11|0.9777777777777777
6|F|49|33|263|129|0.7283097131005877
6|M|214|96|263|129|1.093393536121673
7|F|42|18|155|64|0.9634408602150538
7|M|113|46|155|64|1.0143057503506312
8|F|59|24|211|88|1.0252764612954188
8|M|152|64|211|88|0.990521327014218
9|F|10|10|59|30|0.5084745762711864
9|M|49|20|59|30|1.2457627118644068
10|F|37|16|167|69|0.9554640718562875
10|M|130|53|167|69|1.013444808496215
11|F|45|9|232|35|0.7543103448275863
11|M|187|26|232|35|1.0850464190981433
12|F|21|31|94|90|0.6485929993136582
12|M|73|59|94|90|1.1846375766318067
13|F|39|16|133|50|0.9163533834586466
13|M|94|34|133|50|1.0393631136665191
14|F|66|26|188|105|1.4177577741407528
14|M|122|79|188|105|0.8625100996498788
15|M|12|19|16|23|0.9078947368421053
15|F|4|4|16|23|1.4375
16|M|37|42|41|51|1.0958188153310104
16|F|4|9|41|51|0.5528455284552846
17|F|0|2|3|7|0.7000000000000001
17|M|3|5|3|7|1.4
18|F|23|5|50|19|1.7480000000000002
18|M|27|14|50|19|0.732857142857143
19|F|14|10|40|32|1.1199999999999999
19|M|26|22|40|32|0.9454545454545454
20|F|9|13|15|69|3.1846153846153844
20|M|6|56|15|69|0.4928571428571428
21|F|48|15|232|65|0.8965517241379309
21|M|184|50|232|65|1.0310344827586206
22|F|24|5|146|36|1.1835616438356162
22|M|122|31|146|36|0.9703932832523199
23|F|14|14|90|84|0.9333333333333333
23|M|76|70|90|84|1.0133333333333332
24|F|55|33|154|139|1.5043290043290043
24|M|99|106|154|139|0.8429919137466307
25|F|8|18|30|43|0.637037037037037
25|M|22|25|30|43|1.2613333333333332
26|M|19|30|22|35|1.0075757575757576
26|F|3|5|22|35|0.9545454545454545
27|F|49|16|200|76|1.16375
27|M|151|60|200|76|0.9563333333333334
28|F|8|15|20|94|2.506666666666667
28|M|12|79|20|94|0.7139240506329113
29|M|24|6|30|7|0.9333333333333335
29|F|6|1|30|7|1.4000000000000001
30|F|14|9|93|61|1.0203106332138592
30|M|79|52|93|61|0.9964846980976014
31|F|8|8|53|28|0.5283018867924528
31|M|45|20|53|28|1.1886792452830188
32|F|6|7|50|47|0.8057142857142857
32|M|44|40|50|47|1.034
33|F|0|1|2|5|1.25
33|M|2|4|2|5|1.25
34|F|1|4|2|9|1.125
34|M|1|5|2|9|0.8999999999999999
35|F|1|6|1|12|2.0
35|M|0|6|1|12|0.6666666666666666
36|M|1|6|1|7|1.1666666666666667
36|F|0|1|1|7|2.3333333333333335
37|F|14|15|30|90|2.8000000000000003
37|M|16|75|30|90|0.64
38|F|5|10|38|49|0.644736842105263
38|M|33|39|38|49|1.091093117408907
39|F|11|9|19|38|2.4444444444444446
39|M|8|29|19|38|0.5517241379310345
40|F|2|4|13|24|0.9230769230769231
40|M|11|20|13|24|1.0153846153846153
41|F|15|17|96|52|0.4779411764705882
41|M|81|35|96|52|1.2535714285714286
42|F|2|7|10|30|0.8571428571428572
42|M|8|23|10|30|1.0434782608695652
43|F|13|10|38|41|1.4026315789473685
43|M|25|31|38|41|0.870118845500849
44|F|20|6|58|22|1.2643678160919543
44|M|38|16|58|22|0.9008620689655172
45|M|14|10|16|11|0.9625
45|F|2|1|16|11|1.375
46|F|19|14|79|54|0.9276672694394215
46|M|60|40|79|54|1.0253164556962027
47|F|19|2|96|21|2.078125
47|M|77|19|96|21|0.8865131578947368
48|F|14|11|33|48|1.8512396694214877
48|M|19|37|33|48|0.746928746928747
49|F|121|30|501|82|0.660146373918829
49|M|380|52|501|82|1.196069399662214
50|F|20|10|45|36|1.5999999999999999
50|M|25|26|45|36|0.7692307692307693
51|F|11|12|56|35|0.5729166666666666
51|M|45|23|56|35|1.2228260869565217
52|F|9|14|51|77|0.9705882352941176
52|M|42|63|51|77|1.0065359477124183
53|F|9|14|40|64|1.0285714285714287
53|M|31|50|40|64|0.992
54|F|15|10|97|52|0.8041237113402062
54|M|82|42|97|52|1.0466372115856653
55|F|58|26|294|100|0.7587650444793301
55|M|236|74|294|100|1.0847582276153704
56|M|22|4|30|10|1.833333333333333
56|F|8|6|30|10|0.4444444444444445
57|F|23|28|103|72|0.5742024965325936
57|M|80|44|103|72|1.2709620476610766
58|F|11|5|66|17|0.5666666666666667
58|M|55|12|66|17|1.1805555555555556
59|M|40|13|46|18|1.2040133779264215
59|F|6|5|46|18|0.4695652173913043
60|F|4|6|41|18|0.29268292682926833
60|M|37|12|41|18|1.353658536585366
61|F|6|12|43|84|0.9767441860465117
61|M|37|72|43|84|1.003875968992248
62|F|8|14|26|56|1.2307692307692308
62|M|18|42|26|56|0.923076923076923
63|F|58|6|255|28|1.061437908496732
63|M|197|22|255|28|0.9832442067736186
64|F|25|11|69|46|1.5151515151515151
64|M|44|35|69|46|0.838095238095238
65|F|34|24|85|77|1.2833333333333334
65|M|51|53|85|77|0.8716981132075471
66|F|10|9|43|60|1.550387596899225
66|M|33|51|43|60|0.9028727770177839
67|F|9|12|68|66|0.7279411764705882
67|M|59|54|68|66|1.0604575163398693
68|F|51|28|225|96|0.777142857142857
68|M|174|68|225|96|1.091764705882353
69|F|40|23|159|92|1.0062893081761006
69|M|119|69|159|92|0.9979035639412998
70|F|45|20|134|86|1.4440298507462688
70|M|89|66|134|86|0.865445499773858
71|F|12|14|52|77|1.2692307692307692
71|M|40|63|52|77|0.9401709401709402
72|F|15|13|61|67|1.2673392181588903
72|M|46|54|61|67|0.9356405585913782
73|M|2|4|3|4|0.6666666666666666
73|F|1|0|3|4|2.0
74|M|2|1|3|2|1.3333333333333333
74|F|1|1|3|2|0.6666666666666666
75|F|1|5|27|27|0.2
75|M|26|22|27|27|1.1818181818181819
76|F|16|20|61|90|1.1803278688524592
76|M|45|70|61|90|0.9484777517564403
77|F|4|7|6|27|2.5714285714285716
77|M|2|20|6|27|0.45
78|F|63|9|264|72|1.9090909090909092
78|M|201|63|264|72|0.8701298701298701
79|F|3|11|16|52|0.8863636363636364
79|M|13|41|16|52|1.0304878048780488
80|F|9|14|61|49|0.5163934426229508
80|M|52|35|61|49|1.1934426229508195
81|F|36|26|162|99|0.846153846153846
81|M|126|73|162|99|1.0547945205479452
82|F|51|4|139|37|3.3938848920863305
82|M|88|33|139|37|0.7098321342925659
83|M|4|10|6|12|0.7999999999999999
83|F|2|2|6|12|2.0
84|M|16|35|18|40|1.0158730158730158
84|F|2|5|18|40|0.8888888888888888
85|F|39|10|113|37|1.2769911504424778
85|M|74|27|113|37|0.8974106850213045
86|F|28|12|97|41|0.986254295532646
86|M|69|29|97|41|1.0056878777106293
87|F|39|29|126|87|0.9285714285714286
87|M|87|58|126|87|1.0357142857142858
88|F|36|12|219|56|0.7671232876712328
88|M|183|44|219|56|1.0635118306351183
89|F|12|16|35|60|1.2857142857142858
89|M|23|44|35|60|0.8961038961038962
90|F|21|13|82|61|1.201688555347092
90|M|61|48|82|61|0.9453760162601627
91|F|5|11|64|40|0.28409090909090906
91|M|59|29|64|40|1.271551724137931
92|F|22|8|77|35|1.25
92|M|55|27|77|35|0.9259259259259259
93|F|10|23|49|88|0.7808340727595386
93|M|39|65|49|88|1.0775510204081633
94|F|42|17|144|75|1.286764705882353
94|M|102|58|144|75|0.9159482758620691
95|F|42|12|226|69|1.0685840707964602
95|M|184|57|226|69|0.9855612482533769
96|F|47|22|167|89|1.138541099618944
96|M|120|67|167|89|0.9545088926624364
97|F|85|15|344|46|0.7577519379844961
97|M|259|31|344|46|1.1172168042010502
98|F|30|20|100|72|1.0799999999999998
98|M|70|52|100|72|0.9692307692307692
99|F|94|31|406|102|0.7617988240902591
99|M|312|71|406|102|1.1040033303267882
100|M|27|34|32|41|1.0174632352941178
100|F|5|7|32|41|0.9151785714285714
101|F|13|10|22|32|1.890909090909091
101|M|9|22|22|32|0.5950413223140496
102|M|0|11|0|15|0.6818181818181819
102|F|0|4|0|15|1.875
103|M|0|5|0|5|0.5
104|F|3|11|12|62|1.409090909090909
104|M|9|51|12|62|0.9117647058823529
105|F|6|17|21|50|0.8403361344537814
105|M|15|33|21|50|1.0822510822510822
106|F|14|3|22|20|4.242424242424242
106|M|8|17|22|20|0.4278074866310161
107|F|3|4|24|41|1.28125
107|M|21|37|24|41|0.9695945945945945
108|F|7|11|67|63|0.5983717774762551
108|M|60|52|67|63|1.0849598163031
109|M|1|18|6|25|0.23148148148148148
109|F|5|7|6|25|2.976190476190476
110|F|66|31|148|124|1.7837837837837838
110|M|82|93|148|124|0.7387387387387387
111|M|1|11|4|16|0.36363636363636365
111|F|3|5|4|16|2.4
112|M|5|1|7|2|1.4285714285714286
112|F|2|1|7|2|0.5714285714285714
113|F|14|1|61|6|1.377049180327869
113|M|47|5|61|6|0.9245901639344262
114|M|7|5|9|6|0.9333333333333333
114|F|2|1|9|6|1.3333333333333333
115|F|24|9|86|39|1.2093023255813953
115|M|62|30|86|39|0.9372093023255813
116|F|67|24|240|138|1.6052083333333333
116|M|173|114|240|138|0.8725877192982456
117|F|35|48|127|166|0.9530839895013125
117|M|92|118|127|166|1.019084478846924
118|M|2|1|3|1|0.6666666666666666
118|F|1|0|3|1|1.0
119|M|6|44|10|57|0.7772727272727273
119|F|4|13|10|57|1.753846153846154
120|F|66|40|228|201|1.4546052631578947
120|M|162|161|228|201|0.8870545930042497
121|F|3|24|14|92|0.8214285714285714
121|M|11|68|14|92|1.0630252100840336
122|F|11|18|50|65|0.7944444444444444
122|M|39|47|50|65|1.0787234042553193
123|F|36|10|144|43|1.075
123|M|108|33|144|43|0.9772727272727272
124|F|43|29|125|119|1.4115862068965517
124|M|82|90|125|119|0.8673777777777778
125|F|22|11|62|35|1.1290322580645162
125|M|40|24|62|35|0.9408602150537634
126|F|84|21|351|62|0.7065527065527066
126|M|267|41|351|62|1.1503022722534917
127|F|4|5|33|32|0.7757575757575758
127|M|29|27|33|32|1.0415263748597081
128|F|15|10|88|41|0.6988636363636364
128|M|73|31|88|41|1.0971407624633431
129|M|3|14|5|18|0.7714285714285714
129|F|2|4|5|18|1.8000000000000003
130|F|26|8|61|34|1.8114754098360655
130|M|35|26|61|34|0.7503152585119799
131|F|53|16|181|65|1.1895718232044197
131|M|128|49|181|65|0.9380989965046792
132|F|43|11|116|55|1.853448275862069
132|M|73|44|116|55|0.7866379310344827
133|F|32|7|162|36|1.0158730158730158
133|M|130|29|162|36|0.9961685823754789
134|F|32|25|187|72|0.49283422459893045
134|M|155|47|187|72|1.2697690294686539
135|F|20|5|86|19|0.8837209302325582
135|M|66|14|86|19|1.041528239202658
136|F|26|16|116|55|0.7704741379310346
136|M|90|39|116|55|1.0941644562334216
137|F|3|5|5|14|1.68
137|M|2|9|5|14|0.6222222222222222
138|F|1|12|8|42|0.4375
138|M|7|30|8|42|1.2249999999999999
139|F|14|12|26|35|1.5705128205128205
139|M|12|23|26|35|0.7023411371237459
140|F|5|9|38|34|0.49707602339181284
140|M|33|25|38|34|1.1810526315789474
141|F|12|13|20|37|1.7076923076923076
141|M|8|24|20|37|0.6166666666666667
142|F|54|21|138|84|1.565217391304348
142|M|84|63|138|84|0.8115942028985508
143|F|25|22|167|76|0.517147523135547
143|M|142|54|167|76|1.196717675759592
144|F|2|15|11|54|0.6545454545454545
144|M|9|39|11|54|1.132867132867133
145|M|1|5|2|8|0.8
145|F|1|3|2|8|1.3333333333333333
146|F|23|22|99|86|0.9081726354453626
146|M|76|64|99|86|1.0315656565656566
147|F|15|21|49|79|1.1516034985422743
147|M|34|58|49|79|0.9451090781140041
148|M|3|11|8|15|0.5113636363636364
148|F|5|4|8|15|2.34375
149|F|15|11|101|56|0.7560756075607561
149|M|86|45|101|56|1.0596259625962596
150|F|57|36|189|137|1.1477072310405643
150|M|132|101|189|137|0.9473518780449474
151|F|7|7|51|31|0.607843137254902
151|M|44|24|51|31|1.1143790849673203
152|F|43|22|161|86|1.044042913608131
152|M|118|64|161|86|0.9848602484472051
153|F|22|19|103|71|0.798160449667859
153|M|81|52|103|71|1.0737490664675131
154|F|22|14|36|62|2.7063492063492065
154|M|14|48|36|62|0.5023148148148149
155|F|14|16|111|37|0.29166666666666663
155|M|97|21|111|37|1.5396825396825398
156|F|9|13|80|47|0.40673076923076923
156|M|71|34|80|47|1.2268382352941176
157|F|0|10|8|52|0.52
157|M|8|42|8|52|1.2380952380952381
158|F|12|10|39|62|1.9076923076923078
158|M|27|52|39|62|0.8254437869822485
159|F|6|7|39|30|0.6593406593406593
159|M|33|23|39|30|1.1036789297658862
160|F|28|20|112|108|1.35
160|M|84|88|112|108|0.9204545454545455
161|F|21|17|51|55|1.3321799307958477
161|M|30|38|51|55|0.8513931888544892
162|F|12|5|52|40|1.8461538461538463
162|M|40|35|52|40|0.8791208791208792
163|F|17|10|85|66|1.32
163|M|68|56|85|66|0.9428571428571428
164|M|39|7|51|13|1.4201680672268908
164|F|12|6|51|13|0.5098039215686274
165|F|13|4|46|12|0.8478260869565217
165|M|33|8|46|12|1.0760869565217392
166|F|6|12|17|50|1.4705882352941178
166|M|11|38|17|50|0.8513931888544892
167|F|44|22|242|74|0.6115702479338843
167|M|198|52|242|74|1.1643356643356644
168|F|22|5|105|13|0.5447619047619048
168|M|83|8|105|13|1.2845238095238094
169|F|26|7|98|23|0.8717201166180758
169|M|72|16|98|23|1.056122448979592
170|F|10|5|44|21|0.9545454545454546
170|M|34|16|44|21|1.0142045454545454
171|F|62|29|293|74|0.5399552783335295
171|M|231|45|293|74|1.2964732650739477
172|F|62|27|248|76|0.7037037037037037
172|M|186|49|248|76|1.163265306122449
173|F|71|24|348|72|0.6120689655172414
173|M|277|48|348|72|1.1939655172413794
174|F|18|16|139|69|0.5584532374100719
174|M|121|53|139|69|1.1332971358762047
175|F|34|21|210|74|0.5705215419501134
175|M|176|53|210|74|1.1701707097933514
176|F|8|8|94|43|0.4574468085106383
176|M|86|35|94|43|1.1240121580547113
177|F|21|5|109|16|0.6165137614678899
177|M|88|11|109|16|1.1743119266055047
178|F|27|15|160|61|0.68625
178|M|133|46|160|61|1.1023097826086958
179|F|28|11|167|54|0.8230811105062602
179|M|139|43|167|54|1.045258320568166
180|F|89|35|379|128|0.8588013569543913
180|M|290|93|379|128|1.0531392742644765
181|F|25|13|164|62|0.7270168855534709
181|M|139|49|164|62|1.0724240915878547
182|F|34|22|223|68|0.47125968202201385
182|M|189|46|223|68|1.2528758042503412
183|F|7|6|62|54|1.0161290322580645
183|M|55|48|62|54|0.997983870967742
184|F|50|12|185|54|1.2162162162162165
184|M|135|42|185|54|0.9382239382239382
185|F|28|18|168|83|0.7685185185185185
185|M|140|65|168|83|1.064102564102564
186|F|28|12|167|42|0.5868263473053892
186|M|139|30|167|42|1.1652694610778442
187|F|8|15|102|68|0.35555555555555557
187|M|94|53|102|68|1.1823899371069182
188|F|13|3|53|13|1.0628930817610063
188|M|40|10|53|13|0.9811320754716981
189|F|30|5|101|23|1.3663366336633662
189|M|71|18|101|23|0.8982398239823981
190|F|58|19|224|52|0.7086466165413535
190|M|166|33|224|52|1.1677489177489178
191|F|12|6|94|22|0.46808510638297873
191|M|82|16|94|22|1.199468085106383
192|F|27|9|114|43|1.131578947368421
192|M|87|34|114|43|0.965170278637771
193|F|42|16|181|60|0.8701657458563535
193|M|139|44|181|60|1.0472124560522351
194|F|33|28|217|84|0.45622119815668205
194|M|184|56|217|84|1.271889400921659
195|F|46|19|185|66|0.8637268847795163
195|M|139|47|185|66|1.0550891316848763
196|F|51|13|188|51|1.0642389525368248
196|M|137|38|188|51|0.9780235162374019
197|F|19|6|98|29|0.9370748299319728
197|M|79|23|98|29|1.0164152617568767
198|F|21|14|136|29|0.31985294117647056
198|M|115|15|136|29|1.6348039215686274
199|F|33|18|135|71|0.9641975308641976
199|M|102|53|135|71|1.0121593291404611
200|F|5|5|47|42|0.8936170212765958
200|M|42|37|47|42|1.0143760782058655
201|F|39|28|179|101|0.7859138068635274
201|M|140|73|179|101|1.0821152521619346
202|F|20|14|131|51|0.5561613958560523
202|M|111|37|131|51|1.16793893129771
203|F|56|34|235|115|0.8060075093867334
203|M|179|81|235|115|1.0814289466771736
204|F|8|13|93|43|0.28453267162944584
204|M|85|30|93|43|1.3100358422939067
205|M|22|20|26|24|1.0153846153846153
205|F|4|4|26|24|0.9230769230769231
206|F|8|7|43|23|0.6112956810631229
206|M|35|16|43|23|1.1700581395348837
207|F|31|11|141|59|1.1792392005157963
207|M|110|48|141|59|0.9589243498817966
208|F|24|12|135|56|0.8296296296296297
208|M|111|44|135|56|1.0464646464646465
209|F|53|25|235|96|0.8660425531914893
209|M|182|71|235|96|1.0471681150734191
210|F|35|13|152|54|0.9564777327935223
210|M|117|41|152|54|1.0137997432605905
211|F|11|11|52|40|0.7692307692307692
211|M|41|29|52|40|1.0875331564986737
212|F|34|12|98|36|1.0408163265306123
212|M|64|24|98|36|0.9795918367346939
213|F|11|14|54|60|0.8730158730158729
213|M|43|46|54|60|1.038647342995169
214|F|39|21|127|85|1.2429696287964005
214|M|88|64|127|85|0.9202755905511811
215|F|67|20|210|80|1.276190476190476
215|M|143|60|210|80|0.9079365079365079
216|F|11|17|45|75|1.0784313725490196
216|M|34|58|45|75|0.9770114942528736
217|F|16|20|85|86|0.8094117647058824
217|M|69|66|85|86|1.057754010695187
218|F|10|13|49|62|0.9733124018838304
218|M|39|49|49|62|1.0070803831736777
219|F|23|16|29|37|1.834051724137931
219|M|6|21|29|37|0.3645320197044335
220|F|16|5|50|24|1.536
220|M|34|19|50|24|0.8589473684210527
221|F|47|26|220|145|1.1914335664335665
221|M|173|119|220|145|0.9581741787624141
222|F|28|6|116|20|0.8045977011494253
222|M|88|14|116|20|1.083743842364532
223|F|7|5|29|15|0.7241379310344829
223|M|22|10|29|15|1.1379310344827587
224|F|20|23|31|78|2.187938288920056
224|M|11|55|31|78|0.5032258064516129
225|F|10|16|72|94|0.8159722222222223
225|M|62|78|72|94|1.0377492877492878
226|F|11|12|76|85|1.025219298245614
226|M|65|73|76|85|0.9958543619322279
227|F|20|27|151|93|0.4562178072111847
227|M|131|66|151|93|1.2224563515954243
228|F|8|18|53|118|0.9895178197064989
228|M|45|100|53|118|1.0018867924528303
229|F|14|21|99|100|0.6734006734006734
229|M|85|79|99|100|1.086817542513745
230|F|6|19|27|115|1.345029239766082
230|M|21|96|27|115|0.931712962962963
231|F|4|9|34|67|0.8758169934640523
231|M|30|58|34|67|1.0192697768762677
232|F|8|10|58|66|0.9103448275862068
232|M|50|56|58|66|1.0160098522167487
233|F|36|28|184|96|0.670807453416149
233|M|148|68|184|96|1.1355498721227621
234|F|11|33|59|158|0.8926553672316384
234|M|48|125|59|158|1.0283389830508476
235|F|6|6|27|18|0.6666666666666666
235|M|21|12|27|18|1.1666666666666667
236|F|71|45|246|138|0.8850948509485095
236|M|175|93|246|138|1.0555992656700761
237|F|44|15|177|79|1.3092278719397363
237|M|133|64|177|79|0.9275247175141242
238|F|21|13|74|76|1.659043659043659
238|M|53|63|74|76|0.864006864006864
239|F|4|25|50|106|0.3392
239|M|46|81|50|106|1.2039506172839507
240|F|17|13|70|58|1.0835164835164834
240|M|53|45|70|58|0.9758730158730159
241|F|27|7|89|28|1.2134831460674158
241|M|62|21|89|28|0.9288389513108615
242|M|14|72|25|107|0.8322222222222223
242|F|11|35|25|107|1.3451428571428572
243|F|5|10|19|29|0.763157894736842
243|M|14|19|19|29|1.1246537396121883
244|F|23|48|84|156|0.8898809523809524
244|M|61|108|84|156|1.0489417989417988
245|F|25|8|92|32|1.0869565217391304
245|M|67|24|92|32|0.9710144927536232
246|F|1|1|1|4|4.0
246|M|0|3|1|4|0.4444444444444444
247|F|28|16|107|53|0.866822429906542
247|M|79|37|107|53|1.0575903005809548
248|F|9|20|54|76|0.6333333333333333
248|M|45|56|54|76|1.1309523809523812
249|F|17|21|111|86|0.6271986271986272
249|M|94|65|111|86|1.1204435204435204
250|F|14|3|37|9|1.1351351351351353
250|M|23|6|37|9|0.9324324324324325
251|F|14|24|47|111|1.377659574468085
251|M|33|87|47|111|0.8958180484225973
252|F|5|6|14|12|0.7142857142857143
252|M|9|6|14|12|1.2857142857142858
253|M|7|35|12|50|0.8333333333333335
253|F|5|15|12|50|1.388888888888889
254|F|29|30|83|89|1.0365461847389559
254|M|54|59|83|89|0.981417194200531
255|F|4|2|9|7|1.5555555555555556
255|M|5|5|9|7|0.7777777777777778
256|F|44|36|192|111|0.7065972222222222
256|M|148|75|192|111|1.1408333333333334
257|F|83|54|344|165|0.7372416020671835
257|M|261|111|344|165|1.127828409805154
258|F|13|37|41|121|1.036914963744232
258|M|28|84|41|121|0.983739837398374
259|F|5|21|34|93|0.6512605042016807
259|M|29|72|34|93|1.1017156862745099
260|M|5|27|9|34|0.6995884773662552
260|F|4|7|9|34|2.1587301587301586
261|F|11|5|44|22|1.1
261|M|33|17|44|22|0.9705882352941176
262|M|3|13|3|16|1.2307692307692308
262|F|0|3|3|16|1.0666666666666667
263|F|2|16|20|81|0.5062500000000001
263|M|18|65|20|81|1.1215384615384616
264|F|28|14|151|76|1.0066225165562914
264|M|123|62|151|76|0.9985045930356762
265|M|7|20|9|26|1.011111111111111
265|F|2|6|9|26|0.9629629629629629
266|F|1|1|5|4|0.8
266|M|4|3|5|4|1.0666666666666667
267|F|43|18|174|81|1.1120689655172415
267|M|131|63|174|81|0.9679802955665024
268|F|70|28|222|93|1.0472972972972974
268|M|152|65|222|93|0.9796257796257796
269|F|15|15|79|57|0.7215189873417722
269|M|64|42|79|57|1.0994575045207957
270|F|13|22|95|116|0.721531100478469
270|M|82|94|95|116|1.0651735722284434
271|F|48|11|164|34|0.9046563192904655
271|M|116|23|164|34|1.0455991516436902
272|F|20|18|118|105|0.9887005649717514
272|M|98|87|118|105|1.0023378141437755
273|F|38|26|97|93|1.401268834258525
273|M|59|67|97|93|0.8442837359593782
274|F|82|13|208|60|1.8195266272189348
274|M|126|47|208|60|0.7733224222585924
275|F|42|33|190|108|0.7234449760765549
275|M|148|75|190|108|1.1216842105263158
276|F|15|10|37|34|1.3783783783783785
276|M|22|24|37|34|0.8423423423423423
277|F|18|18|25|35|1.4000000000000001
277|M|7|17|25|35|0.5764705882352942
278|F|7|4|14|14|1.75
278|M|7|10|14|14|0.7
279|F|15|23|33|52|1.0276679841897234
279|M|18|29|33|52|0.9780564263322883
280|F|16|22|48|98|1.4848484848484849
280|M|32|76|48|98|0.8596491228070176
281|F|40|23|138|94|1.1846250787649655
281|M|98|71|138|94|0.9401918758930394
282|F|47|22|112|65|1.239853896103896
282|M|65|43|112|65|0.8772840531561463
283|F|27|26|78|115|1.5310650887573964
283|M|51|89|78|115|0.8448573898012101
284|F|50|4|140|22|1.9642857142857142
284|M|90|18|140|22|0.7857142857142857
285|F|102|50|298|183|1.2527516778523489
285|M|196|133|298|183|0.9049805722359591
286|F|19|11|46|32|1.2015810276679841
286|M|27|21|46|32|0.8944099378881989
287|F|70|73|246|232|0.9043323309945428
287|M|176|159|246|232|1.0439228920591093
288|F|31|52|95|164|1.0291497975708503
288|M|64|112|95|164|0.9864661654135337
289|F|8|14|36|60|0.9523809523809523
289|M|28|46|36|60|1.0144927536231882
290|F|16|15|60|67|1.191111111111111
290|M|44|52|60|67|0.9448717948717947
291|F|33|12|70|44|1.7285714285714286
291|M|37|32|70|44|0.7267857142857143
292|F|23|13|101|46|0.8057882711348059
292|M|78|33|101|46|1.0765076507650766
293|F|54|87|197|288|0.907404165937336
293|M|143|201|197|288|1.0400787938480187
294|M|27|35|34|43|0.9756302521008403
294|F|7|8|34|43|1.1066176470588236
295|F|2|3|3|3|0.6666666666666666
295|M|1|0|3|3|1.6666666666666665
296|F|13|6|36|14|0.8425925925925927
296|M|23|8|36|14|1.1180555555555556
297|F|33|16|129|65|1.0392441860465116
297|M|96|49|129|65|0.9871855719031799
298|F|6|12|26|47|0.903846153846154
298|M|20|35|26|47|1.032967032967033
299|F|78|48|252|179|1.154265873015873
299|M|174|131|252|179|0.9434750999636496
300|F|44|31|115|115|1.4193548387096775
300|M|71|84|115|115|0.8452380952380952
301|F|57|19|239|58|0.7280334728033473
301|M|182|39|239|58|1.1324965132496514
302|F|20|12|89|45|0.8426966292134831
302|M|69|33|89|45|1.0572012257405516
303|F|30|25|80|69|1.035
303|M|50|44|80|69|0.9801136363636365
304|M|44|22|56|31|1.107142857142857
304|F|12|9|56|31|0.738095238095238
305|F|25|6|71|25|1.4671361502347418
305|M|46|19|71|25|0.8524833209785027
306|F|29|24|108|80|0.8950617283950618
306|M|79|56|108|80|1.044973544973545
307|M|7|10|13|17|0.9153846153846154
307|F|6|7|13|17|1.120879120879121
308|F|2|7|8|20|0.7142857142857143
308|M|6|13|8|20|1.1538461538461537
309|F|35|16|87|58|1.4583333333333335
309|M|52|42|87|58|0.8253968253968255
310|F|24|9|47|28|1.5886524822695034
310|M|23|19|47|28|0.7211646136618141
311|F|13|15|31|49|1.3698924731182796
311|M|18|34|31|49|0.8368121442125238
312|F|84|20|284|66|0.9760563380281689
312|M|200|46|284|66|1.0104102878138395
313|M|0|2|0|5|1.25
313|F|0|3|0|5|0.8333333333333334
314|F|34|10|125|35|0.9520000000000001
314|M|91|25|125|35|1.0191999999999999
315|F|24|4|95|17|1.0736842105263158
315|M|71|13|95|17|0.9773279352226721
316|F|17|3|75|27|2.04
316|M|58|24|75|27|0.87
317|F|74|5|265|33|1.8430188679245283
317|M|191|28|265|33|0.8494609164420485
318|F|25|32|75|93|0.9687499999999999
318|M|50|61|75|93|1.0163934426229508
319|M|8|5|14|6|0.6857142857142856
319|F|6|1|14|6|2.5714285714285716
320|F|20|37|57|112|1.0621147463252727
320|M|37|75|57|112|0.969356725146199
321|F|20|42|75|143|0.9079365079365079
321|M|55|101|75|143|1.0382838283828382
322|F|26|47|74|166|1.2409430707303046
322|M|48|119|74|166|0.9048376107199637
323|F|10|17|56|69|0.7247899159663865
323|M|46|52|56|69|1.0899725274725274
324|F|6|25|34|94|0.6635294117647059
324|M|28|69|34|94|1.1219096334185847
325|F|29|19|87|88|1.543859649122807
325|M|58|69|87|88|0.8502415458937198
326|F|16|25|83|92|0.7093975903614459
326|M|67|67|83|92|1.108433734939759
327|F|41|44|149|146|0.9130567419158023
327|M|108|102|149|146|1.03750493485985
328|F|4|8|20|25|0.625
328|M|16|17|20|25|1.1764705882352942
329|M|10|21|15|26|0.8253968253968254
329|F|5|5|15|26|1.7333333333333332
330|F|8|21|59|54|0.3486682808716707
330|M|51|33|59|54|1.4144838212634823
331|F|31|23|73|70|1.2924359737939248
331|M|42|47|73|70|0.8568930341008453
332|F|32|30|146|105|0.7671232876712328
332|M|114|75|146|105|1.093150684931507
333|M|25|28|30|34|1.011904761904762
333|F|5|6|30|34|0.9444444444444443
334|F|1|5|5|16|0.64
334|M|4|11|5|16|1.1636363636363638
335|F|1|12|10|33|0.275
335|M|9|21|10|33|1.4142857142857144
336|M|6|5|8|10|1.5
336|F|2|5|8|10|0.5
337|F|4|14|25|66|0.7542857142857142
337|M|21|52|25|66|1.0661538461538462
338|F|7|7|16|31|1.9375
338|M|9|24|16|31|0.7265625
339|F|23|20|114|75|0.756578947368421
339|M|91|55|114|75|1.0885167464114833
340|F|2|1|5|6|2.4000000000000004
340|M|3|5|5|6|0.72
341|F|3|7|19|33|0.744360902255639
341|M|16|26|19|33|1.0688259109311742
342|F|7|17|47|77|0.6745932415519399
342|M|40|60|47|77|1.0921985815602837
343|M|30|14|36|19|1.1309523809523812
343|F|6|5|36|19|0.6333333333333333
344|F|7|9|38|27|0.5526315789473685
344|M|31|18|38|27|1.223684210526316
345|M|64|39|77|49|1.0442890442890445
345|F|13|10|77|49|0.8272727272727273
346|F|21|17|78|59|0.9343891402714931
346|M|57|42|78|59|1.0265567765567765
347|F|3|5|13|14|0.6461538461538462
347|M|10|9|13|14|1.1965811965811965
348|F|4|4|10|21|2.1
348|M|6|17|10|21|0.7411764705882352
349|M|13|17|19|22|0.8854489164086687
349|F|6|5|19|22|1.3894736842105262
350|M|4|12|4|16|1.3333333333333333
350|F|0|4|4|16|0.6666666666666666
351|F|1|7|6|20|0.4761904761904762
351|M|5|13|6|20|1.2820512820512822
352|M|3|8|4|10|0.9375
352|F|1|2|4|10|1.25
353|M|31|24|40|32|1.0333333333333334
353|F|9|8|40|32|0.9
354|F|0|3|12|29|0.6904761904761905
354|M|12|26|12|29|1.1153846153846154
355|F|18|13|48|49|1.4134615384615383
355|M|30|36|48|49|0.8506944444444444
356|F|49|11|230|34|0.658498023715415
356|M|181|23|230|34|1.1633270321361058
357|F|4|24|32|111|0.578125
357|M|28|87|32|111|1.1163793103448276
358|F|1|5|8|10|0.25
358|M|7|5|8|10|1.75
359|M|5|4|5|5|1.25
359|F|0|1|5|5|0.7142857142857142
360|F|0|4|5|5|0.17857142857142855
360|M|5|1|5|5|5.0
361|F|1|8|8|20|0.3125
361|M|7|12|8|20|1.4583333333333335
362|M|10|32|11|36|1.0227272727272727
362|F|1|4|11|36|0.8181818181818182
363|F|2|8|7|30|1.0714285714285714
363|M|5|22|7|30|0.9740259740259741
364|F|8|14|19|29|0.8721804511278195
364|M|11|15|19|29|1.119298245614035
365|M|12|22|21|26|0.6753246753246753
365|F|9|4|21|26|2.7857142857142856
366|F|28|19|86|84|1.4394124847001224
366|M|58|65|86|84|0.871556350626118
367|F|2|6|2|29|4.833333333333333
367|M|0|23|2|29|0.31521739130434784
368|F|3|10|15|40|0.8
368|M|12|30|15|40|1.0666666666666667
369|F|7|8|10|29|2.5375
369|M|3|21|10|29|0.41428571428571426
370|F|11|15|27|40|1.0864197530864197
370|M|16|25|27|40|0.9481481481481481
371|F|10|5|20|14|1.4
371|M|10|9|20|14|0.7777777777777777
372|M|10|22|11|28|1.1570247933884297
372|F|1|6|11|28|0.42424242424242425
373|M|2|5|2|9|1.7999999999999998
373|F|0|4|2|9|0.5625
374|F|1|6|3|20|1.1111111111111112
374|M|2|14|3|20|0.9523809523809524
375|M|1|16|3|21|0.4375
375|F|2|5|3|21|2.8
376|M|0|7|1|12|0.5714285714285714
376|F|1|5|1|12|2.4
377|F|26|12|64|37|1.2526041666666665
377|M|38|25|64|37|0.87875
378|M|13|24|16|27|0.9140625
378|F|3|3|16|27|1.6875
379|F|13|11|51|65|1.5062388591800355
379|M|38|54|51|65|0.896877269426289
380|F|21|18|54|46|0.9938271604938271
380|M|33|28|54|46|1.003968253968254
381|F|26|18|60|51|1.2277777777777776
381|M|34|33|60|51|0.8757575757575757
382|F|1|11|1|30|2.7272727272727275
382|M|0|19|1|30|0.5263157894736842
383|F|6|10|14|55|2.3571428571428568
383|M|8|45|14|55|0.6984126984126984
384|F|27|17|119|89|1.1878398418190805
384|M|92|72|119|89|0.9556489262371616
385|F|5|16|18|69|1.1979166666666667
385|M|13|53|18|69|0.940251572327044
386|F|15|14|32|33|1.1049107142857142
386|M|17|19|32|33|0.9226973684210525
387|F|1|8|3|25|1.0416666666666665
387|M|2|17|3|25|0.980392156862745
388|M|7|11|12|15|0.7954545454545455
388|F|5|4|12|15|1.5625
389|M|3|5|4|6|0.8999999999999999
389|F|1|1|4|6|1.5
390|F|3|5|12|47|2.35
390|M|9|42|12|47|0.8392857142857143
391|F|16|7|36|32|2.0317460317460316
391|M|20|25|36|32|0.7111111111111111
392|F|31|22|97|95|1.380037488284911
392|M|66|73|97|95|0.8854681542155064
393|M|4|5|6|6|0.7999999999999999
393|F|2|1|6|6|2.0
394|F|5|13|10|46|1.7692307692307694
394|M|5|33|10|46|0.696969696969697
395|F|4|10|18|36|0.7999999999999999
395|M|14|26|18|36|1.0769230769230769
396|M|1|9|2|10|0.5555555555555556
396|F|1|1|2|10|5.0
397|M|2|18|3|23|0.8518518518518517
397|F|1|5|3|23|1.5333333333333332
398|F|10|12|37|52|1.1711711711711712
398|M|27|40|37|52|0.9486486486486486
399|F|3|8|5|13|0.9749999999999999
399|M|2|5|5|13|1.04
400|F|7|17|19|57|1.2352941176470589
400|M|12|40|19|57|0.9
401|F|41|19|86|84|2.1077111383108935
401|M|45|65|86|84|0.6762075134168157
402|F|24|17|101|100|1.39778683750728
402|M|77|83|101|100|0.918525587498509
403|F|14|15|59|42|0.6644067796610169
403|M|45|27|59|42|1.1864406779661016
404|F|42|36|152|192|1.473684210526316
404|M|110|156|152|192|0.8906882591093118
405|F|4|12|7|42|2.0
405|M|3|30|7|42|0.6
406|F|3|3|7|36|5.142857142857143
406|M|4|33|7|36|0.6233766233766234
407|F|17|2|100|12|1.0200000000000002
407|M|83|10|100|12|0.9959999999999999
408|F|13|12|28|42|1.6250000000000002
408|M|15|30|28|42|0.75
409|M|62|71|73|89|1.0646343816322592
409|F|11|18|73|89|0.7450532724505327
410|F|13|26|50|113|1.1300000000000001
410|M|37|87|50|113|0.9611494252873564
411|F|1|23|15|78|0.22608695652173913
411|M|14|55|15|78|1.3236363636363635
412|M|11|36|13|42|0.9871794871794872
412|F|2|6|13|42|1.076923076923077
413|F|7|10|36|26|0.5055555555555555
413|M|29|16|36|26|1.3090277777777777
414|F|3|6|5|20|2.0
414|M|2|14|5|20|0.5714285714285715
415|F|14|14|32|32|1.0
415|M|18|18|32|32|1.0
416|F|12|17|24|49|1.4411764705882353
416|M|12|32|24|49|0.7656250000000001
417|F|29|15|68|61|1.7343137254901961
417|M|39|46|68|61|0.7605498721227621
418|F|35|22|109|69|1.0070892410341954
418|M|74|47|109|69|0.9966816318563342
419|F|17|14|48|33|0.8348214285714286
419|M|31|19|48|33|1.1217105263157894
420|F|23|12|67|39|1.1156716417910446
420|M|44|27|67|39|0.9485903814262023
421|M|2|11|7|19|0.49350649350649345
421|F|5|8|7|19|1.6964285714285716
422|F|58|29|199|101|1.015075376884422
422|M|141|72|199|101|0.99392797319933
423|M|0|14|0|19|0.6785714285714286
423|F|0|5|0|19|1.9000000000000001
424|F|14|6|57|28|1.1461988304093567
424|M|43|22|57|28|0.9601275917065392
425|M|11|18|11|21|1.1666666666666667
425|F|0|3|11|21|0.5384615384615385
426|F|61|8|193|26|1.02720207253886
426|M|132|18|193|26|0.9879101899827288
427|F|22|9|86|35|0.9948320413436694
427|M|64|26|86|35|1.0017889087656529
428|F|12|8|74|23|0.46621621621621623
428|M|62|15|74|23|1.2846846846846847
429|F|9|5|67|26|0.6985074626865672
429|M|58|21|67|26|1.071783937455579
430|F|13|14|85|68|0.742857142857143
430|M|72|54|85|68|1.0666666666666667
431|F|38|13|111|63|1.6590436590436592
431|M|73|50|111|63|0.8286486486486487
432|F|26|14|103|68|1.2260748959778087
432|M|77|54|103|68|0.9413879899316793
433|M|39|17|45|22|1.1215686274509804
433|F|6|5|45|22|0.5866666666666667
434|F|32|14|152|64|0.9624060150375939
434|M|120|50|152|64|1.0105263157894737
435|F|8|8|52|47|0.903846153846154
435|M|44|39|52|47|1.0197238658777121
436|M|0|3|0|5|0.8333333333333334
436|F|0|2|0|5|1.25
437|M|0|4|0|6|0.75
437|F|0|2|0|6|1.5
438|M|0|3|0|5|0.8333333333333334
438|F|0|2|0|5|1.25
439|M|0|10|1|13|0.4333333333333333
439|F|1|3|1|13|4.333333333333333
440|F|3|7|8|45|2.4107142857142856
440|M|5|38|8|45|0.7401315789473685
441|M|0|2|0|4|1.0
441|F|0|2|0|4|1.0
442|F|28|15|108|54|0.9333333333333332
442|M|80|39|108|54|1.0256410256410255
443|M|10|27|12|34|1.0493827160493827
443|F|2|7|12|34|0.8095238095238095
444|F|3|4|12|10|0.625
444|M|9|6|12|10|1.25
445|M|0|5|2|7|0.35
445|F|2|2|2|7|3.5
446|F|20|11|65|56|1.5664335664335665
446|M|45|45|65|56|0.8615384615384615
447|F|8|11|36|49|0.9898989898989898
447|M|28|38|36|49|1.0029239766081872
448|F|4|11|37|80|0.7862407862407862
448|M|33|69|37|80|1.0340775558166861
449|F|3|6|12|51|2.125
449|M|9|45|12|51|0.85
450|F|37|20|87|83|1.7649425287356322
450|M|50|63|87|83|0.7571611019886881
451|M|8|40|13|53|0.8153846153846154
451|F|5|13|13|53|1.5680473372781065
452|M|1|11|1|15|1.3636363636363638
452|F|0|4|1|15|1.25
453|F|2|4|4|12|1.5
453|M|2|8|4|12|0.75
454|F|11|13|66|79|1.0128205128205128
454|M|55|66|66|79|0.9974747474747475
455|F|1|6|5|43|1.4333333333333333
455|M|4|37|5|43|0.9297297297297298
456|M|2|19|3|24|0.8421052631578947
456|F|1|5|3|24|1.5999999999999999
457|F|10|13|36|54|1.153846153846154
457|M|26|41|36|54|0.9512195121951219
458|F|7|1|19|5|1.8421052631578945
458|M|12|4|19|5|0.7894736842105262
459|M|9|18|10|18|0.9
459|F|1|0|10|18|2.0
460|F|4|9|41|33|0.3577235772357724
460|M|37|24|41|33|1.2408536585365855
461|F|27|13|101|47|0.9664889565879665
461|M|74|34|101|47|1.0128130460104834
462|F|13|8|51|20|0.6372549019607843
462|M|38|12|51|20|1.2418300653594772
463|F|4|4|16|11|0.6875
463|M|12|7|16|11|1.1785714285714286
464|F|19|8|47|38|1.9202127659574468
464|M|28|30|47|38|0.7546099290780142
465|F|5|7|32|20|0.44642857142857145
465|M|27|13|32|20|1.2980769230769231
466|M|27|14|31|17|1.0576036866359448
466|F|4|3|31|17|0.7311827956989246
467|F|10|10|29|35|1.2068965517241381
467|M|19|25|29|35|0.9172413793103448
468|F|10|7|47|20|0.6079027355623101
468|M|37|13|47|20|1.2111292962356792
469|F|14|8|61|47|1.348360655737705
469|M|47|39|61|47|0.92854140395124
470|F|36|23|130|91|1.0956521739130436
470|M|94|68|130|91|0.9676470588235294
471|F|12|24|51|107|1.0490196078431373
471|M|39|83|51|107|0.9858256555634302
472|F|13|22|44|82|1.1012396694214877
472|M|31|60|44|82|0.962878787878788
473|F|21|3|154|40|1.8181818181818181
473|M|133|37|154|40|0.9336609336609336
474|F|34|16|180|70|0.8263888888888888
474|M|146|54|180|70|1.051440329218107
475|F|32|27|52|108|2.4615384615384617
475|M|20|81|52|108|0.5128205128205129
476|F|14|12|44|51|1.3522727272727273
476|M|30|39|44|51|0.8916083916083916
477|F|27|5|83|21|1.3662650602409638
477|M|56|16|83|21|0.8855421686746988
478|F|37|4|162|17|0.970679012345679
478|M|125|13|162|17|1.0090218423551758
479|F|33|6|154|25|0.8928571428571428
479|M|121|19|154|25|1.0338345864661653
480|F|9|8|41|22|0.6036585365853658
480|M|32|14|41|22|1.226480836236934
481|F|24|11|92|36|0.8537549407114624
481|M|68|25|92|36|1.0643478260869565
482|F|50|5|216|27|1.25
482|M|166|22|216|27|0.9431818181818182
483|F|22|11|112|26|0.4642857142857143
483|M|90|15|112|26|1.392857142857143
484|F|34|8|78|47|2.560897435897436
484|M|44|39|78|47|0.6798159105851413
485|F|17|7|41|23|1.362369337979094
485|M|24|16|41|23|0.8414634146341463
486|F|22|6|52|16|1.1282051282051282
486|M|30|10|52|16|0.923076923076923
487|F|19|3|53|12|1.4339622641509433
487|M|34|9|53|12|0.8553459119496855
488|F|9|1|42|10|2.142857142857143
488|M|33|9|42|10|0.873015873015873
489|F|8|4|40|10|0.5
489|M|32|6|40|10|1.3333333333333335
490|F|10|7|45|22|0.6984126984126984
490|M|35|15|45|22|1.1407407407407408
491|F|9|4|41|18|0.9878048780487806
491|M|32|14|41|18|1.0034843205574913
492|F|11|2|48|12|1.375
492|M|37|10|48|12|0.925
493|F|12|5|41|15|0.8780487804878049
493|M|29|10|41|15|1.0609756097560976
494|F|4|4|36|23|0.6388888888888888
494|M|32|19|36|23|1.0760233918128654
495|F|48|11|175|56|1.3963636363636365
495|M|127|45|175|56|0.9031111111111111
496|F|11|10|44|24|0.6
496|M|33|14|44|24|1.2857142857142856
497|F|27|11|124|28|0.5542521994134898
497|M|97|17|124|28|1.2884250474383303
498|F|19|4|46|16|1.6521739130434783
498|M|27|12|46|16|0.782608695652174
499|M|18|5|24|7|1.05
499|F|6|2|24|7|0.875
500|F|18|14|61|62|1.3067915690866512
500|M|43|48|61|62|0.9105191256830601
501|F|4|3|36|21|0.7777777777777778
501|M|32|18|36|21|1.037037037037037
502|F|3|6|23|16|0.34782608695652173
502|M|20|10|23|16|1.391304347826087
503|F|23|8|78|44|1.6217948717948718
503|M|55|36|78|44|0.8618233618233618
504|F|9|6|51|17|0.5
504|M|42|11|51|17|1.2727272727272727
505|F|16|5|60|30|1.6
505|M|44|25|60|30|0.8799999999999999
506|F|21|6|68|30|1.5441176470588236
506|M|47|24|68|30|0.863970588235294
507|F|27|23|131|84|0.7527381347494192
507|M|104|61|131|84|1.0932298836190715
508|F|26|9|88|33|1.0833333333333335
508|M|62|24|88|33|0.96875
509|F|11|9|86|35|0.4974160206718347
509|M|75|26|86|35|1.1739713774597496
510|F|24|8|145|28|0.5793103448275863
510|M|121|20|145|28|1.1682758620689655
511|F|10|5|41|16|0.7804878048780488
511|M|31|11|41|16|1.099778270509978
512|M|56|4|65|7|1.5076923076923079
512|F|9|3|65|7|0.3230769230769231
513|F|34|10|127|53|1.4188976377952756
513|M|93|43|127|53|0.9025819446987731
514|F|33|7|168|33|0.9260204081632653
514|M|135|26|168|33|1.0199175824175826
515|F|15|5|46|17|1.108695652173913
515|M|31|12|46|17|0.9547101449275361
516|F|15|8|60|31|0.96875
516|M|45|23|60|31|1.0108695652173914
517|F|12|9|59|30|0.6779661016949153
517|M|47|21|59|30|1.1380145278450364
518|F|9|5|67|13|0.3492537313432836
518|M|58|8|67|13|1.4067164179104477
519|F|16|7|95|29|0.6977443609022556
519|M|79|22|95|29|1.096172248803828
520|F|10|8|80|40|0.625
520|M|70|32|80|40|1.09375
521|F|5|3|19|16|1.4035087719298245
521|M|14|13|19|16|0.9068825910931173
522|F|15|14|125|39|0.3342857142857143
522|M|110|25|125|39|1.3727999999999998
523|M|31|10|34|12|1.0941176470588234
523|F|3|2|34|12|0.5294117647058825
524|F|13|8|55|18|0.5318181818181819
524|M|42|10|55|18|1.3745454545454545
525|F|14|16|83|41|0.43222891566265054
525|M|69|25|83|41|1.3633734939759037
526|F|33|11|146|49|1.0068493150684932
526|M|113|38|146|49|0.9980173035328046
527|F|24|7|97|24|0.8483063328424153
527|M|73|17|97|24|1.0624620982413584
528|F|16|5|70|23|1.0514285714285714
528|M|54|18|70|23|0.9857142857142858
529|F|8|5|60|20|0.5333333333333333
529|M|52|15|60|20|1.1555555555555557
530|F|26|7|93|36|1.4377880184331795
530|M|67|29|93|36|0.8943270300333704
531|M|6|7|9|13|1.2380952380952381
531|F|3|6|9|13|0.7222222222222221
532|F|3|3|10|5|0.5
532|M|7|2|10|5|1.7499999999999998
533|F|1|3|6|7|0.3888888888888889
533|M|5|4|6|7|1.4583333333333335
534|F|8|19|19|35|0.775623268698061
534|M|11|16|19|35|1.2664473684210527
535|F|1|4|5|5|0.25
535|M|4|1|5|5|4.0
536|F|7|4|20|10|0.8749999999999999
536|M|13|6|20|10|1.0833333333333335
537|F|19|8|37|29|1.8614864864864864
537|M|18|21|37|29|0.6718146718146718
538|M|8|27|9|35|1.1522633744855966
538|F|1|8|9|35|0.4861111111111111
539|M|2|35|3|40|0.7619047619047619
539|F|1|5|3|40|2.6666666666666665
540|F|3|4|13|36|2.076923076923077
540|M|10|32|13|36|0.8653846153846155
541|M|5|33|9|42|0.7070707070707071
541|F|4|9|9|42|2.074074074074074
542|M|9|6|12|9|1.125
542|F|3|3|12|9|0.75
543|F|4|7|34|37|0.6218487394957983
543|M|30|30|34|37|1.088235294117647
544|M|0|8|0|12|0.75
544|F|0|4|0|12|1.5
545|F|23|29|92|162|1.396551724137931
545|M|69|133|92|162|0.9135338345864662
546|F|6|3|21|20|1.9047619047619047
546|M|15|17|21|20|0.8403361344537815
547|M|1|7|1|11|1.5714285714285714
547|F|0|4|1|11|0.9166666666666666
548|F|15|11|52|40|1.0489510489510487
548|M|37|29|52|40|0.9814323607427057
549|F|8|18|66|85|0.5723905723905724
549|M|58|67|66|85|1.114880144730891
550|M|3|18|4|20|0.8333333333333333
550|F|1|2|4|20|2.5
551|M|12|27|13|32|1.0940170940170941
551|F|1|5|13|32|0.49230769230769234
552|F|17|12|26|37|2.016025641025641
552|M|9|25|26|37|0.5123076923076924
553|F|4|15|29|73|0.671264367816092
553|M|25|58|29|73|1.0850178359096314
554|M|2|5|2|8|1.6
554|F|0|3|2|8|0.6666666666666666
555|M|1|9|1|11|1.222222222222222
555|F|0|2|1|11|1.8333333333333333
556|M|7|7|8|9|1.125
556|F|1|2|8|9|0.5625
557|M|36|16|46|24|1.173913043478261
557|F|10|8|46|24|0.6521739130434783
558|F|14|25|49|88|1.0057142857142856
558|M|35|63|49|88|0.9977324263038548
559|M|2|10|4|18|0.8999999999999999
559|F|2|8|4|18|1.125
560|F|7|7|18|41|2.2777777777777777
560|M|11|34|18|41|0.7369281045751634
561|F|3|3|18|30|1.6666666666666665
561|M|15|27|18|30|0.9259259259259259
562|M|2|19|3|26|0.9122807017543859
562|F|1|7|3|26|1.2380952380952381
563|M|1|23|2|25|0.5434782608695652
563|F|1|2|2|25|6.25
564|M|1|16|4|18|0.28125
564|F|3|2|4|18|6.75
565|F|19|14|98|81|1.121720116618076
565|M|79|67|98|81|0.9745659457812976
566|M|11|19|11|24|1.2631578947368423
566|F|0|5|11|24|0.36923076923076925
567|F|35|18|143|87|1.182983682983683
567|M|108|69|143|87|0.9522651261781696
568|F|1|8|13|54|0.5192307692307693
568|M|12|46|13|54|1.0836120401337792
569|F|6|6|20|30|1.4999999999999998
569|M|14|24|20|30|0.8749999999999999
570|F|1|7|3|25|1.1904761904761902
570|M|2|18|3|25|0.9259259259259259
571|M|4|23|4|25|1.0869565217391304
571|F|0|2|4|25|2.083333333333333
572|M|9|18|12|21|0.875
572|F|3|3|12|21|1.75
573|M|2|6|3|12|1.3333333333333333
573|F|1|6|3|12|0.6666666666666666
574|F|3|5|6|38|3.8000000000000003
574|M|3|33|6|38|0.5757575757575757
575|F|6|9|31|62|1.3333333333333333
575|M|25|53|31|62|0.9433962264150942
576|F|1|6|4|37|1.5416666666666665
576|M|3|31|4|37|0.8951612903225806
577|M|26|55|33|59|0.8451790633608816
577|F|7|4|33|59|3.128787878787879
578|F|3|4|4|15|2.8125
578|M|1|11|4|15|0.34090909090909094
579|M|14|11|15|17|1.4424242424242424
579|F|1|6|15|17|0.18888888888888888
580|F|5|13|27|32|0.4558404558404558
580|M|22|19|27|32|1.3723196881091617
581|F|33|15|98|70|1.5714285714285714
581|M|65|55|98|70|0.8441558441558441
582|M|10|19|14|23|0.8646616541353384
582|F|4|4|14|23|1.6428571428571428
583|F|15|13|43|36|0.9660107334525939
583|M|28|23|43|36|1.0192113245702732
584|F|2|8|9|30|0.8333333333333333
584|M|7|22|9|30|1.0606060606060608
585|M|5|25|7|27|0.7714285714285715
585|F|2|2|7|27|3.857142857142857
586|M|8|6|8|6|1.0
587|F|45|16|138|64|1.3043478260869565
587|M|93|48|138|64|0.8985507246376812
588|M|27|14|28|15|1.0331632653061225
588|F|1|1|28|15|0.5357142857142857
589|M|2|13|2|16|1.2307692307692308
589|F|0|3|2|16|1.3333333333333333
590|F|27|23|100|78|0.9156521739130435
590|M|73|55|100|78|1.0352727272727271
591|F|0|3|3|6|0.4
591|M|3|3|3|6|2.0
592|M|6|4|6|6|1.5
592|F|0|2|6|6|0.375
593|M|0|3|0|5|0.8333333333333334
593|F|0|2|0|5|1.25
594|F|10|10|20|44|2.2
594|M|10|34|20|44|0.6470588235294118
595|F|18|17|56|71|1.342436974789916
595|M|38|54|56|71|0.8921957671957672
596|F|19|25|74|132|1.3556756756756756
596|M|55|107|74|132|0.9168982066178328
597|M|0|3|0|4|0.6666666666666666
597|F|0|1|0|4|2.0
598|M|0|1|0|1|0.5
599|M|1|1|1|1|1.0
600|F|1|1|13|7|0.5384615384615385
600|M|12|6|13|7|1.076923076923077
601|F|10|5|31|19|1.2258064516129032
601|M|21|14|31|19|0.9193548387096774
602|F|47|7|185|24|0.871042471042471
602|M|138|17|185|24|1.053100158982512
603|F|20|4|61|20|1.6393442622950818
603|M|41|16|61|20|0.8401639344262294
604|F|3|6|14|17|0.6071428571428571
604|M|11|11|14|17|1.2142857142857142
605|F|14|7|49|17|0.6938775510204082
605|M|35|10|49|17|1.2142857142857142
606|M|33|11|48|18|1.125
606|F|15|7|48|18|0.8035714285714286
607|M|20|3|25|5|1.3333333333333335
607|F|5|2|25|5|0.5
608|F|10|6|32|28|1.4583333333333335
608|M|22|22|32|28|0.875
609|F|10|2|26|15|2.884615384615385
609|M|16|13|26|15|0.7100591715976331
610|F|7|3|29|11|0.885057471264368
610|M|22|8|29|11|1.0431034482758619
611|M|17|9|24|10|0.7870370370370371
611|F|7|1|24|10|2.9166666666666665
612|M|17|4|21|6|1.2142857142857144
612|F|4|2|21|6|0.5714285714285714
613|F|8|7|31|20|0.7373271889400922
613|M|23|13|31|20|1.1414392059553349
614|F|6|3|45|14|0.6222222222222222
614|M|39|11|45|14|1.103030303030303
615|M|27|29|33|31|0.8746081504702196
615|F|6|2|33|31|2.8181818181818183
616|M|12|5|12|6|1.2
616|F|0|1|12|6|0.42857142857142855
617|M|8|7|10|8|0.9142857142857144
617|F|2|1|10|8|1.6
618|F|7|8|24|40|1.4583333333333333
618|M|17|32|24|40|0.8854166666666666
619|F|7|7|14|29|2.071428571428571
619|M|7|22|14|29|0.6590909090909092
620|M|4|5|4|7|1.4
620|F|0|2|4|7|0.5833333333333334
621|F|7|7|17|22|1.2941176470588236
621|M|10|15|17|22|0.8627450980392157
622|F|6|10|9|30|2.0
622|M|3|20|9|30|0.5
623|M|9|9|10|12|1.2
623|F|1|3|10|12|0.4
624|M|18|42|28|54|0.826530612244898
624|F|10|12|28|54|1.6071428571428572
625|M|2|1|2|2|2.0
625|F|0|1|2|2|0.5
626|F|12|9|31|44|1.8924731182795698
626|M|19|35|31|44|0.7705069124423963
627|F|29|19|92|77|1.2774599542334097
627|M|63|58|92|77|0.9091079460269865
628|F|11|11|33|44|1.3333333333333333
628|M|22|33|33|44|0.8888888888888888
629|F|3|5|12|19|0.9500000000000001
629|M|9|14|12|19|1.017857142857143
630|F|21|11|71|48|1.290653008962868
630|M|50|37|71|48|0.913589645984012
631|F|14|8|38|20|0.9210526315789472
631|M|24|12|38|20|1.0526315789473684
632|F|22|3|50|19|2.7866666666666666
632|M|28|16|50|19|0.6650000000000001
633|F|1|1|15|9|0.6
633|M|14|8|15|9|1.05
634|F|2|1|6|17|5.666666666666666
634|M|4|16|6|17|0.7083333333333333
635|F|3|8|35|56|0.6000000000000001
635|M|32|48|35|56|1.0666666666666667
636|M|7|25|11|27|0.6872727272727273
636|F|4|2|11|27|4.909090909090909
637|F|13|1|31|13|5.451612903225806
637|M|18|12|31|13|0.6290322580645161
638|M|22|11|26|14|1.0769230769230769
638|F|4|3|26|14|0.7179487179487181
639|F|3|12|32|50|0.390625
639|M|29|38|32|50|1.1924342105263157
640|M|29|2|29|4|2.0
640|F|0|2|29|4|0.06451612903225806
641|F|7|9|47|42|0.6950354609929078
641|M|40|33|47|42|1.0831721470019342
642|M|1|1|2|2|1.0
642|F|1|1|2|2|1.0
643|F|3|2|20|15|1.125
643|M|17|13|20|15|0.9807692307692307
644|M|10|7|17|10|0.8403361344537816
644|F|7|3|17|10|1.3725490196078431
645|M|25|10|26|12|1.1538461538461537
645|F|1|2|26|12|0.23076923076923078
646|F|6|8|52|18|0.25961538461538464
646|M|46|10|52|18|1.5923076923076922
647|F|13|4|50|17|1.105
647|M|37|13|50|17|0.9676923076923077
648|F|4|7|24|26|0.6190476190476191
648|M|20|19|24|26|1.1403508771929827
649|F|6|7|38|34|0.7669172932330827
649|M|32|27|38|34|1.060428849902534
650|F|28|7|133|38|1.1428571428571428
650|M|105|31|133|38|0.967741935483871
651|F|14|8|63|27|0.75
651|M|49|19|63|27|1.1052631578947367
652|M|23|5|25|9|1.656
652|F|2|4|25|9|0.18000000000000002
653|F|22|8|111|36|0.891891891891892
653|M|89|28|111|36|1.0308880308880308
654|F|39|23|154|73|0.8037831733483907
654|M|115|50|154|73|1.0902597402597403
655|M|30|7|34|10|1.2605042016806722
655|F|4|3|34|10|0.39215686274509803
656|F|21|2|113|18|1.672566371681416
656|M|92|16|113|18|0.9159292035398231
657|F|11|6|35|44|2.304761904761905
657|M|24|38|35|44|0.793984962406015
658|F|27|8|89|26|0.9859550561797753
658|M|62|18|89|26|1.0062421972534332
659|F|38|20|93|60|1.2258064516129035
659|M|55|40|93|60|0.8870967741935485
660|F|13|7|69|19|0.5113871635610766
660|M|56|12|69|19|1.2850241545893721
661|F|13|20|37|45|0.7905405405405407
661|M|24|25|37|45|1.1675675675675676
662|F|18|8|83|33|0.8945783132530121
662|M|65|25|83|33|1.033734939759036
663|F|8|5|26|20|1.2307692307692308
663|M|18|15|26|20|0.923076923076923
664|F|4|7|29|71|1.3990147783251232
664|M|25|64|29|71|0.9563577586206896
665|M|1|3|1|4|1.3333333333333333
665|F|0|1|1|4|1.3333333333333333
666|M|1|8|1|11|1.375
666|F|0|3|1|11|1.2222222222222223
667|M|1|2|2|4|1.0
667|F|1|2|2|4|1.0
668|M|1|8|1|12|1.5
668|F|0|4|1|12|1.0
669|M|11|21|11|25|1.1904761904761905
669|F|0|4|11|25|0.4807692307692308
670|M|16|21|22|24|0.8311688311688312
670|F|6|3|22|24|2.1818181818181817
671|M|11|41|15|50|0.8943089430894309
671|F|4|9|15|50|1.4814814814814816
672|F|13|12|46|40|0.9420289855072463
672|M|33|28|46|40|1.0248447204968945
673|M|9|29|11|37|1.0438871473354232
673|F|2|8|11|37|0.8409090909090909
674|F|3|4|30|24|0.6000000000000001
674|M|27|20|30|24|1.08
675|F|11|15|31|46|1.0881720430107527
675|M|20|31|31|46|0.9573361082206036
676|M|0|1|0|1|0.5
677|F|18|36|55|164|1.490909090909091
677|M|37|128|55|164|0.8619318181818182
678|F|5|12|35|72|0.8571428571428571
678|M|30|60|35|72|1.0285714285714285
679|M|7|20|9|25|0.9722222222222222
679|F|2|5|9|25|1.111111111111111
680|M|4|16|6|21|0.875
680|F|2|5|6|21|1.4
681|F|12|20|40|60|0.9
681|M|28|40|40|60|1.05
682|M|7|32|8|41|1.12109375
682|F|1|9|8|41|0.5694444444444444
683|F|24|11|109|60|1.2010008340283571
683|M|85|49|109|60|0.9548773637895526
684|F|19|13|68|89|1.91289592760181
684|M|49|76|68|89|0.8438467492260062
685|F|7|5|28|22|1.1
685|M|21|17|28|22|0.9705882352941176
686|F|1|11|8|61|0.6931818181818181
686|M|7|50|8|61|1.0675
687|F|0|9|4|40|0.7407407407407407
687|M|4|31|4|40|1.2903225806451613
688|F|8|19|34|53|0.6563467492260062
688|M|26|34|34|53|1.1920415224913494
689|F|34|21|84|71|1.368480725623583
689|M|50|50|84|71|0.8452380952380953
690|F|2|3|9|7|0.5185185185185185
690|M|7|4|9|7|1.3611111111111112
691|F|29|18|98|66|1.0850340136054422
691|M|69|48|98|66|0.9681122448979592
692|F|4|15|52|39|0.2
692|M|48|24|52|39|1.5
693|F|15|4|33|11|1.25
693|M|18|7|33|11|0.8571428571428571
694|M|3|6|3|10|1.6666666666666667
694|F|0|4|3|10|0.5
695|F|9|13|26|53|1.4112426035502958
695|M|17|40|26|53|0.8663461538461538
696|F|7|4|23|17|1.2934782608695654
696|M|16|13|23|17|0.9096989966555185
697|M|4|2|5|5|2.0
697|F|1|3|5|5|0.33333333333333337
698|F|39|15|64|38|1.54375
698|M|25|23|64|38|0.6453804347826086
699|F|0|4|2|13|0.8125
699|M|2|9|2|13|1.4444444444444444
700|M|7|1|8|2|1.75
700|F|1|1|8|2|0.25
701|F|4|14|19|34|0.5112781954887218
701|M|15|20|19|34|1.3421052631578947
702|F|5|2|11|8|1.8181818181818181
702|M|6|6|11|8|0.7272727272727272
703|F|2|9|6|18|0.6666666666666666
703|M|4|9|6|18|1.3333333333333333
704|F|26|10|101|36|0.9267326732673267
704|M|75|26|101|36|1.0281797410510283
705|M|1|4|1|5|1.25
705|F|0|1|1|5|1.6666666666666665
706|F|23|12|49|21|0.8214285714285715
706|M|26|9|49|21|1.2380952380952381
707|F|16|14|53|48|1.0350404312668462
707|M|37|34|53|48|0.985571587125416
708|F|26|11|75|29|0.913939393939394
708|M|49|18|75|29|1.0525925925925925
709|F|11|7|44|35|1.25
709|M|33|28|44|35|0.9375
710|M|1|0|1|0|2.0
711|F|2|7|13|38|0.8351648351648353
711|M|11|31|13|38|1.0372208436724566
712|F|14|8|41|31|1.3231707317073171
712|M|27|23|41|31|0.887592788971368
713|M|0|4|7|6|0.16666666666666666
713|F|7|2|7|6|3.0
714|F|9|15|42|45|0.6428571428571429
714|M|33|30|42|45|1.1785714285714286
715|F|15|15|21|37|1.7619047619047619
715|M|6|22|21|37|0.48051948051948046
716|F|6|16|23|59|0.9619565217391304
716|M|17|43|23|59|1.0141557128412537
717|M|9|4|11|5|1.0227272727272727
717|F|2|1|11|5|0.9090909090909091
718|M|3|20|4|25|0.9375
718|F|1|5|4|25|1.25
719|F|16|7|30|56|4.266666666666667
719|M|14|49|30|56|0.5333333333333333
720|F|4|10|27|27|0.4
720|M|23|17|27|27|1.3529411764705883
721|F|5|13|13|45|1.3313609467455623
721|M|8|32|13|45|0.8653846153846154
722|F|10|13|12|22|1.4102564102564104
722|M|2|9|12|22|0.4074074074074074
723|F|20|17|39|37|1.1161387631975865
723|M|19|20|39|37|0.9012820512820512
724|F|2|7|3|13|1.2380952380952381
724|M|1|6|3|13|0.7222222222222221
725|M|3|7|3|11|1.5714285714285714
725|F|0|4|3|11|0.55
726|F|16|9|33|30|1.6161616161616164
726|M|17|21|33|30|0.735930735930736
727|M|8|21|13|32|0.9377289377289377
727|F|5|11|13|32|1.118881118881119
728|F|17|15|45|36|0.9066666666666666
728|M|28|21|45|36|1.0666666666666667
729|M|10|7|11|13|1.6883116883116884
729|F|1|6|11|13|0.19696969696969696
730|F|8|13|12|27|1.3846153846153846
730|M|4|14|12|27|0.6428571428571429
731|F|30|18|106|74|1.1635220125786163
731|M|76|56|106|74|0.9474393530997304
732|F|2|3|5|10|1.3333333333333335
732|M|3|7|5|10|0.8571428571428572
733|F|1|9|2|25|1.3888888888888888
733|M|1|16|2|25|0.78125
734|F|32|11|92|45|1.4229249011857708
734|M|60|34|92|45|0.8631713554987213
735|F|23|8|51|27|1.522058823529412
735|M|28|19|51|27|0.7801857585139319
736|F|4|9|22|37|0.7474747474747474
736|M|18|28|22|37|1.0811688311688312
737|M|6|18|8|23|0.9583333333333333
737|F|2|5|8|23|1.1500000000000001
738|F|29|24|78|86|1.3322649572649574
738|M|49|62|78|86|0.8713813068651779
739|F|21|4|37|26|3.689189189189189
739|M|16|22|37|26|0.5110565110565111
740|F|8|5|31|27|1.3935483870967742
740|M|23|22|31|27|0.9105571847507332
741|F|41|31|155|112|0.9556711758584807
741|M|114|81|155|112|1.0169653524492235
742|F|0|8|5|34|0.6071428571428571
742|M|5|26|5|34|1.3076923076923077
743|F|13|14|44|48|1.0129870129870129
743|M|31|34|44|48|0.9946524064171123
744|M|9|3|11|5|1.3636363636363638
744|F|2|2|11|5|0.45454545454545453
745|F|14|10|68|51|1.05
745|M|54|41|68|51|0.9878048780487804
746|F|17|20|51|51|0.85
746|M|34|31|51|51|1.0967741935483872
747|F|41|44|129|187|1.3507751937984496
747|M|88|143|129|187|0.8920691711389386
748|F|11|7|20|31|2.435714285714286
748|M|9|24|20|31|0.58125
749|F|20|14|83|41|0.7056798623063683
749|M|63|27|83|41|1.1526104417670682
750|F|17|21|88|92|0.8463203463203464
750|M|71|71|88|92|1.0454545454545454
751|M|13|17|18|21|0.892156862745098
751|F|5|4|18|21|1.4583333333333335
752|M|12|3|16|8|2.0
752|F|4|5|16|8|0.4
753|F|7|5|27|30|1.5555555555555556
753|M|20|25|27|30|0.8888888888888888
754|F|12|15|38|58|1.2210526315789472
754|M|26|43|38|58|0.9228886168910648
755|F|17|27|37|91|1.5485485485485486
755|M|20|64|37|91|0.768581081081081
756|M|0|1|1|3|1.0
756|F|1|2|1|3|1.5
757|M|1|14|1|20|1.4285714285714286
757|F|0|6|1|20|1.1111111111111112
758|M|1|8|1|10|1.25
758|F|0|2|1|10|1.6666666666666665
759|M|8|35|9|37|0.9396825396825397
759|F|1|2|9|37|2.0555555555555554
760|F|5|7|17|27|1.1344537815126052
760|M|12|20|17|27|0.9529411764705884
761|F|17|21|53|62|0.9469901168014375
761|M|36|41|53|62|1.0271514035895075
762|F|20|20|74|75|1.0135135135135136
762|M|54|55|74|75|0.9950859950859952
763|F|4|8|9|20|1.111111111111111
763|M|5|12|9|20|0.925925925925926
764|M|5|18|8|24|0.8333333333333334
764|F|3|6|8|24|1.5
765|F|1|2|3|6|1.0
765|M|2|4|3|6|1.0
766|M|3|6|3|8|1.3333333333333333
766|F|0|2|3|8|0.8
767|F|7|6|16|36|2.625
767|M|9|30|16|36|0.6749999999999999
768|M|4|27|8|34|0.6296296296296297
768|F|4|7|8|34|2.428571428571429
769|F|5|7|29|28|0.6896551724137931
769|M|24|21|29|28|1.103448275862069
770|M|5|27|6|35|1.0802469135802468
770|F|1|8|6|35|0.7291666666666666
771|M|21|21|23|26|1.1304347826086956
771|F|2|5|23|26|0.4521739130434782
772|M|5|7|5|12|1.7142857142857142
772|F|0|5|5|12|0.3428571428571428
773|F|3|5|13|19|0.876923076923077
773|M|10|14|13|19|1.043956043956044
774|F|5|10|8|18|1.125
774|M|3|8|8|18|0.84375
775|F|4|2|5|4|1.6
775|M|1|2|5|4|0.4
776|M|0|3|0|4|0.6666666666666666
776|F|0|1|0|4|2.0
777|F|14|18|43|33|0.5968992248062016
777|M|29|15|43|33|1.4837209302325582
778|M|3|23|4|27|0.8804347826086957
778|F|1|4|4|27|1.6875
779|F|6|4|26|43|2.480769230769231
779|M|20|39|26|43|0.8481262327416175
780|F|18|14|35|49|1.7999999999999998
780|M|17|35|35|49|0.6799999999999999
781|F|1|3|1|9|3.0
781|M|0|6|1|9|0.5
782|M|4|20|9|28|0.6222222222222221
782|F|5|8|9|28|1.9444444444444446
783|M|0|1|0|2|1.0
783|F|0|1|0|2|1.0
784|F|8|12|12|27|1.5
784|M|4|15|12|27|0.6
785|M|3|7|3|11|1.5714285714285714
785|F|0|4|3|11|0.55
786|F|1|4|3|10|0.8333333333333333
786|M|2|6|3|10|1.1111111111111112
787|M|0|1|0|3|1.5
787|F|0|2|0|3|0.75
788|M|27|13|30|17|1.176923076923077
788|F|3|4|30|17|0.42500000000000004
789|F|7|6|23|43|2.1811594202898554
789|M|16|37|23|43|0.8084606345475911
790|M|1|5|2|8|0.8
790|F|1|3|2|8|1.3333333333333333
791|F|17|6|59|27|1.2966101694915255
791|M|42|21|59|27|0.9152542372881356
792|M|4|3|5|5|1.3333333333333335
792|F|1|2|5|5|0.5
793|F|16|2|28|18|5.142857142857143
793|M|12|16|28|18|0.48214285714285715
794|M|0|12|3|18|0.30000000000000004
794|F|3|6|3|18|3.0
795|M|7|18|12|24|0.7777777777777778
795|F|5|6|12|24|1.6666666666666667
796|M|9|18|10|21|1.05
796|F|1|3|10|21|0.7000000000000001
797|M|2|6|2|7|1.1666666666666667
797|F|0|1|2|7|1.75
798|M|2|1|3|2|1.3333333333333333
798|F|1|1|3|2|0.6666666666666666
799|M|8|15|9|17|1.0074074074074073
799|F|1|2|9|17|0.9444444444444444
800|M|0|12|1|15|0.41666666666666663
800|F|1|3|1|15|5.0
801|M|10|28|10|30|1.0714285714285714
801|F|0|2|10|30|1.25
802|M|0|7|0|9|0.6428571428571428
802|F|0|2|0|9|2.25
803|M|2|5|2|6|1.2
803|F|0|1|2|6|1.5
804|F|3|2|17|10|0.8823529411764706
804|M|14|8|17|10|1.0294117647058822
805|F|5|4|27|23|1.0648148148148149
805|M|22|19|27|23|0.98635477582846
806|F|4|2|4|5|2.5
806|M|0|3|4|5|0.2777777777777778
807|M|6|21|8|23|0.8214285714285715
807|F|2|2|8|23|2.875
808|M|12|26|13|30|1.0650887573964498
808|F|1|4|13|30|0.576923076923077
809|F|2|6|9|36|1.3333333333333333
809|M|7|30|9|36|0.9333333333333333
810|M|13|2|15|3|1.3
810|F|2|1|15|3|0.4
811|F|6|3|8|10|2.5
811|M|2|7|8|10|0.35714285714285715
812|F|11|3|40|16|1.4666666666666668
812|M|29|13|40|16|0.8923076923076922
813|M|1|0|1|0|2.0
814|F|24|23|42|70|1.7391304347826086
814|M|18|47|42|70|0.6382978723404256
815|M|5|13|5|16|1.2307692307692308
815|F|0|3|5|16|0.7619047619047619
816|M|1|2|1|2|1.0
817|M|5|16|6|19|0.9895833333333335
817|F|1|3|6|19|1.0555555555555556
818|F|4|13|7|33|1.4505494505494505
818|M|3|20|7|33|0.7071428571428571
819|M|18|57|22|71|1.0191387559808613
819|F|4|14|22|71|0.9220779220779222
820|F|6|7|7|15|1.8367346938775508
820|M|1|8|7|15|0.26785714285714285
821|M|1|3|1|3|1.0
822|F|2|12|18|64|0.5925925925925926
822|M|16|52|18|64|1.094017094017094
823|M|12|34|12|37|1.088235294117647
823|F|0|3|12|37|0.8809523809523808
824|M|30|43|33|50|1.0570824524312896
824|F|3|7|33|50|0.6493506493506493
825|F|5|9|13|67|2.8632478632478633
825|M|8|58|13|67|0.7108753315649868
826|F|9|5|14|43|5.528571428571429
826|M|5|38|14|43|0.4041353383458647
827|M|1|8|3|10|0.41666666666666663
827|F|2|2|3|10|3.333333333333333
828|F|3|6|7|27|1.9285714285714286
828|M|4|21|7|27|0.7346938775510203
829|M|0|1|0|1|0.5
830|M|12|69|16|75|0.8152173913043478
830|F|4|6|16|75|3.125
831|F|2|6|3|19|2.111111111111111
831|M|1|13|3|19|0.4871794871794871
832|F|4|2|24|25|2.083333333333333
832|M|20|23|24|25|0.9057971014492754
833|F|1|6|4|21|0.875
833|M|3|15|4|21|1.05
834|F|3|1|8|7|2.625
834|M|5|6|8|7|0.7291666666666667
835|F|4|0|16|10|3.0
835|M|12|10|16|10|0.75
836|F|3|0|18|7|1.5
836|M|15|7|18|7|0.8333333333333334
837|M|0|2|1|3|0.5
837|F|1|1|1|3|3.0
838|M|0|2|2|2|0.25
838|F|2|0|2|2|4.0
839|F|2|5|16|37|0.9249999999999999
839|M|14|32|16|37|1.01171875
840|M|10|32|13|35|0.841346153846154
840|F|3|3|13|35|2.6923076923076925
841|F|5|6|12|15|1.0416666666666667
841|M|7|9|12|15|0.9722222222222223
842|F|2|9|9|21|0.5185185185185185
842|M|7|12|9|21|1.3611111111111112
843|F|5|4|24|18|0.9375000000000001
843|M|19|14|24|18|1.0178571428571428
844|F|33|21|86|90|1.6445182724252492
844|M|53|69|86|90|0.8038422649140545
845|F|10|14|15|29|1.3809523809523807
845|M|5|15|15|29|0.6444444444444444
846|F|9|6|36|19|0.7916666666666667
846|M|27|13|36|19|1.096153846153846
847|F|0|1|5|4|0.5714285714285714
847|M|5|3|5|4|1.3333333333333333
848|M|11|33|12|41|1.1388888888888888
848|F|1|8|12|41|0.4270833333333333
849|M|3|1|3|1|1.0
850|M|3|0|3|1|3.0
850|F|0|1|3|1|0.2
851|M|0|1|0|1|0.5
852|M|10|2|11|3|1.3636363636363638
852|F|1|1|11|3|0.27272727272727276
853|M|10|3|11|5|1.5151515151515151
853|F|1|2|11|5|0.22727272727272727
854|F|6|9|42|24|0.38095238095238093
854|M|36|15|42|24|1.3714285714285714
855|F|8|4|24|12|1.0
855|M|16|8|24|12|1.0
856|M|0|1|0|1|0.5
857|M|0|2|0|3|0.75
857|F|0|1|0|3|1.5
858|M|1|10|2|13|0.6499999999999999
858|F|1|3|2|13|2.1666666666666665
859|M|1|9|2|14|0.7777777777777777
859|F|1|5|2|14|1.4
860|M|0|2|0|3|0.75
860|F|0|1|0|3|1.5
861|F|1|4|3|15|1.25
861|M|2|11|3|15|0.9090909090909091
862|F|3|5|16|8|0.3
862|M|13|3|16|8|2.1666666666666665
863|F|7|15|30|56|0.8711111111111112
863|M|23|41|30|56|1.0471544715447156
864|F|4|5|11|10|0.7272727272727273
864|M|7|5|11|10|1.2727272727272727
865|F|25|18|52|67|1.7895299145299146
865|M|27|49|52|67|0.7099686028257457
866|M|3|2|4|2|0.75
866|F|1|0|4|2|1.0
867|M|3|1|4|1|0.75
867|F|1|0|4|1|0.75
868|F|5|6|8|16|1.6666666666666667
868|M|3|10|8|16|0.6
869|M|1|6|1|8|1.3333333333333333
869|F|0|2|1|8|1.3333333333333333
870|F|2|16|10|65|0.8125
870|M|8|49|10|65|1.0612244897959184
871|F|6|12|15|27|0.9000000000000001
871|M|9|15|15|27|1.0799999999999998
872|F|12|23|20|61|1.591304347826087
872|M|8|38|20|61|0.6421052631578947
873|F|4|5|16|23|1.1500000000000001
873|M|12|18|16|23|0.9583333333333333
874|F|4|13|17|36|0.6515837104072398
874|M|13|23|17|36|1.19693094629156
875|F|2|11|8|39|0.8863636363636364
875|M|6|28|8|39|1.0446428571428572
876|F|4|15|9|43|1.274074074074074
876|M|5|28|9|43|0.8531746031746031
877|M|4|19|9|24|0.5614035087719298
877|F|5|5|9|24|2.6666666666666665
878|F|16|12|58|78|1.7931034482758619
878|M|42|66|58|78|0.8557993730407524
879|F|11|12|23|36|1.4347826086956523
879|M|12|24|23|36|0.782608695652174
880|M|8|23|14|31|0.7701863354037266
880|F|6|8|14|31|1.6607142857142856
881|F|6|9|16|18|0.75
881|M|10|9|16|18|1.25
882|M|4|8|5|8|0.8
882|F|1|0|5|8|2.0
883|M|3|3|4|3|0.75
883|F|1|0|4|3|1.25
884|F|1|2|2|11|2.75
884|M|1|9|2|11|0.611111111111111
885|F|4|8|20|33|0.8250000000000001
885|M|16|25|20|33|1.056
886|F|9|5|37|27|1.3135135135135136
886|M|28|22|37|27|0.9287469287469289
887|M|7|6|8|7|1.0208333333333335
887|F|1|1|8|7|0.875
888|M|2|5|4|9|0.8999999999999999
888|F|2|4|4|9|1.125
889|M|5|29|6|37|1.0632183908045978
889|F|1|8|6|37|0.7708333333333333
890|M|0|4|1|5|0.41666666666666663
890|F|1|1|1|5|5.0
891|F|2|14|11|42|0.5454545454545455
891|M|9|28|11|42|1.2272727272727275
892|F|1|5|1|13|2.5999999999999996
892|M|0|8|1|13|0.5416666666666666
893|F|1|5|4|15|0.75
893|M|3|10|4|15|1.125
894|F|15|12|46|60|1.6304347826086956
894|M|31|48|46|60|0.842391304347826
895|F|10|0|28|16|6.428571428571429
895|M|18|16|28|16|0.6428571428571429
896|M|0|2|0|2|0.5
897|F|14|7|28|30|2.142857142857143
897|M|14|23|28|30|0.6521739130434783
898|F|2|2|4|5|1.25
898|M|2|3|4|5|0.8333333333333334
899|F|6|5|27|15|0.6666666666666666
899|M|21|10|27|15|1.1666666666666667
900|F|1|3|3|9|1.0
900|M|2|6|3|9|1.0
901|F|8|5|30|12|0.64
901|M|22|7|30|12|1.257142857142857
902|M|7|6|7|11|1.8333333333333335
902|F|0|5|7|11|0.24444444444444444
903|M|5|6|10|10|0.8333333333333334
903|F|5|4|10|10|1.25
904|F|5|3|12|15|2.0833333333333335
904|M|7|12|12|15|0.7291666666666666
905|F|4|4|9|12|1.3333333333333333
905|M|5|8|9|12|0.8333333333333334
906|M|0|2|0|2|0.5
907|F|0|7|6|14|0.25
907|M|6|7|6|14|2.0
908|M|5|5|7|6|0.8571428571428571
908|F|2|1|7|6|1.7142857142857142
909|M|0|3|0|4|0.6666666666666666
909|F|0|1|0|4|2.0
910|M|0|3|0|4|0.6666666666666666
910|F|0|1|0|4|2.0
911|M|1|6|2|7|0.5833333333333334
911|F|1|1|2|7|3.5
912|M|0|1|1|1|0.3333333333333333
912|F|1|0|1|1|3.0
913|M|3|6|3|8|1.3333333333333333
913|F|0|2|3|8|0.8
914|M|7|3|10|3|0.7
914|F|3|0|10|3|1.4999999999999998
915|M|5|8|6|12|1.2500000000000002
915|F|1|4|6|12|0.5
916|M|3|2|4|3|1.125
916|F|1|1|4|3|0.75
917|M|1|4|3|5|0.41666666666666663
917|F|2|1|3|5|3.333333333333333
918|F|12|4|63|33|1.5714285714285714
918|M|51|29|63|33|0.9211822660098522
919|M|1|2|1|4|2.0
919|F|0|2|1|4|0.6666666666666666
920|F|11|3|33|13|1.4444444444444442
920|M|22|10|33|13|0.8666666666666666
921|F|6|2|24|10|1.25
921|M|18|8|24|10|0.9375
922|F|15|5|42|16|1.1428571428571428
922|M|27|11|42|16|0.9350649350649352
923|F|12|11|40|45|1.2272727272727273
923|M|28|34|40|45|0.926470588235294
924|F|6|5|15|19|1.5200000000000002
924|M|9|14|15|19|0.8142857142857143
925|F|7|15|26|75|1.346153846153846
925|M|19|60|26|75|0.9134615384615383
926|F|1|1|3|3|1.0
926|M|2|2|3|3|1.0
927|F|14|18|34|70|1.6013071895424837
927|M|20|52|34|70|0.7918552036199095
928|F|3|10|10|30|0.9
928|M|7|20|10|30|1.05
929|M|10|55|13|67|0.9370629370629371
929|F|3|12|13|67|1.2884615384615385
930|F|1|14|4|53|0.9464285714285714
930|M|3|39|4|53|1.0192307692307694
931|F|6|7|12|28|2.0
931|M|6|21|12|28|0.6666666666666666
932|F|0|3|2|19|1.5833333333333335
932|M|2|16|2|19|1.1875
933|F|12|18|20|48|1.5999999999999999
933|M|8|30|20|48|0.64
934|F|1|3|2|5|0.8333333333333334
934|M|1|2|2|5|1.25
935|F|7|3|24|8|0.7777777777777778
935|M|17|5|24|8|1.1333333333333333
936|F|9|8|21|16|0.8571428571428571
936|M|12|8|21|16|1.1428571428571428
937|F|1|14|5|20|0.28571428571428575
937|M|4|6|5|20|2.666666666666667
938|F|11|7|38|22|0.9097744360902256
938|M|27|15|38|22|1.0421052631578949
939|M|3|22|3|29|1.3181818181818183
939|F|0|7|3|29|0.8285714285714286
940|F|6|6|18|28|1.5555555555555556
940|M|12|22|18|28|0.8484848484848485
941|M|16|12|26|19|0.9743589743589745
941|F|10|7|26|19|1.043956043956044
942|M|20|17|21|19|1.0644257703081232
942|F|1|2|21|19|0.4523809523809524
943|F|6|4|14|29|3.107142857142857
943|M|8|25|14|29|0.6628571428571428
944|F|6|5|28|12|0.5142857142857142
944|M|22|7|28|12|1.346938775510204
945|F|10|11|23|38|1.5019762845849802
945|M|13|27|23|38|0.7954911433172303
946|M|8|8|8|9|1.125
946|F|0|1|8|9|0.9000000000000001
947|F|2|10|7|41|1.1714285714285715
947|M|5|31|7|41|0.9447004608294931
948|F|14|16|28|43|1.34375
948|M|14|27|28|43|0.7962962962962963
949|F|3|11|8|22|0.75
949|M|5|11|8|22|1.25
950|F|2|8|8|31|0.96875
950|M|6|23|8|31|1.0108695652173914
951|F|1|9|17|28|0.1830065359477124
951|M|16|19|17|28|1.3869969040247676
952|F|4|7|7|15|1.2244897959183672
952|M|3|8|7|15|0.8035714285714285
953|F|3|3|6|5|0.8333333333333334
953|M|3|2|6|5|1.25
954|F|9|9|27|22|0.8148148148148148
954|M|18|13|27|22|1.1282051282051282
955|F|12|5|30|16|1.28
955|M|18|11|30|16|0.8727272727272727
956|F|0|2|0|2|0.5
957|M|5|3|9|5|0.925925925925926
957|F|4|2|9|5|1.111111111111111
958|F|8|8|33|31|0.9393939393939394
958|M|25|23|33|31|1.0210803689064558
959|M|12|9|13|12|1.2307692307692308
959|F|1|3|13|12|0.3076923076923077
960|F|7|4|20|14|1.225
960|M|13|10|20|14|0.91
961|F|5|6|12|11|0.763888888888889
961|M|7|5|12|11|1.2833333333333334
962|F|11|1|35|6|1.8857142857142857
962|M|24|5|35|6|0.8228571428571428
963|M|4|2|5|4|1.6
963|F|1|2|5|4|0.4
964|F|5|2|14|7|1.25
964|M|9|5|14|7|0.9
965|F|12|2|22|4|1.0909090909090908
965|M|10|2|22|4|0.9090909090909091
966|F|1|1|3|9|3.0
966|M|2|8|3|9|0.75
967|M|10|4|12|6|1.2500000000000002
967|F|2|2|12|6|0.5
968|F|19|5|52|23|1.6807692307692308
968|M|33|18|52|23|0.8108974358974358
969|M|4|2|4|4|2.0
969|F|0|2|4|4|0.3333333333333333
970|F|3|3|22|12|0.5454545454545454
970|M|19|9|22|12|1.1515151515151516
971|F|5|4|10|18|2.25
971|M|5|14|10|18|0.6428571428571428
972|M|1|1|2|2|1.0
972|F|1|1|2|2|1.0
973|F|4|9|12|20|0.7407407407407407
973|M|8|11|12|20|1.212121212121212
974|M|11|20|17|27|0.873529411764706
974|F|6|7|17|27|1.3613445378151263
975|M|1|11|1|11|1.0
976|M|8|32|9|40|1.111111111111111
976|F|1|8|9|40|0.5555555555555555
977|F|2|1|6|21|7.0
977|M|4|20|6|21|0.7
978|M|8|23|10|25|0.8695652173913043
978|F|2|2|10|25|2.5
979|F|3|2|10|12|1.8
979|M|7|10|10|12|0.8399999999999999
980|M|0|7|0|8|0.5714285714285714
980|F|0|1|0|8|4.0
981|M|6|13|6|14|1.0769230769230769
981|F|0|1|6|14|1.75
982|M|0|11|1|14|0.42424242424242425
982|F|1|3|1|14|4.666666666666667
983|F|2|7|13|31|0.6813186813186813
983|M|11|24|13|31|1.092948717948718
984|M|6|12|6|16|1.3333333333333333
984|F|0|4|6|16|0.5
985|F|1|1|4|19|4.75
985|M|3|18|4|19|0.7916666666666667
986|F|0|2|0|4|1.0
986|M|0|2|0|4|1.0
987|F|6|25|14|72|1.2342857142857142
987|M|8|47|14|72|0.8753799392097263
988|M|6|17|9|23|0.9019607843137255
988|F|3|6|9|23|1.2777777777777777
989|F|9|7|13|20|1.978021978021978
989|M|4|13|13|20|0.4733727810650888
990|F|1|6|3|22|1.2222222222222223
990|M|2|16|3|22|0.9166666666666666
991|F|0|1|2|2|0.5
991|M|2|1|2|2|2.0
992|F|13|8|37|29|1.2736486486486487
992|M|24|21|37|29|0.8957528957528959
993|F|0|2|1|6|1.0
993|M|1|4|1|6|1.5
994|F|3|4|14|17|0.9107142857142857
994|M|11|13|14|17|1.0274725274725276
995|M|0|8|2|12|0.375
995|F|2|4|2|12|3.0
996|M|2|9|2|14|1.5555555555555554
996|F|0|5|2|14|0.7
997|M|1|9|3|13|0.48148148148148145
997|F|2|4|3|13|2.1666666666666665
998|M|4|4|4|6|1.5
998|F|0|2|4|6|0.5
999|M|1|7|2|8|0.5714285714285714
999|F|1|1|2|8|4.0
1000|F|0|2|4|13|1.0833333333333333
1000|M|4|11|4|13|1.1818181818181819
1001|M|1|5|1|7|1.4
1001|F|0|2|1|7|1.1666666666666667
1002|M|1|5|1|7|1.4
1002|F|0|2|1|7|1.1666666666666667
1003|F|1|2|4|5|0.625
1003|M|3|3|4|5|1.25
1004|M|12|5|14|8|1.3714285714285714
1004|F|2|3|14|8|0.38095238095238093
1005|F|0|6|6|17|0.35416666666666663
1005|M|6|11|6|17|1.5454545454545454
1006|F|13|3|39|8|0.8888888888888888
1006|M|26|5|39|8|1.0666666666666667
1007|F|3|5|20|17|0.51
1007|M|17|12|20|17|1.2041666666666666
1008|F|11|11|35|29|0.8285714285714286
1008|M|24|18|35|29|1.1047619047619048
1009|M|18|22|19|25|1.076555023923445
1009|F|1|3|19|25|0.43859649122807015
1010|F|7|10|38|55|1.013157894736842
1010|M|31|45|38|55|0.9970760233918128
1011|F|10|13|63|37|0.4517704517704517
1011|M|53|24|63|37|1.2969576719576719
1012|M|1|29|4|34|0.2931034482758621
1012|F|3|5|4|34|5.1
1013|F|14|20|33|65|1.3787878787878787
1013|M|19|45|33|65|0.8316498316498318
1014|M|2|8|3|9|0.75
1014|F|1|1|3|9|3.0
1015|F|15|13|68|69|1.1708144796380089
1015|M|53|56|68|69|0.9603466386554621
1016|F|3|11|19|31|0.44497607655502386
1016|M|16|20|19|31|1.305263157894737
1017|F|0|6|10|22|0.3055555555555556
1017|M|10|16|10|22|1.375
1018|M|23|6|24|7|1.1180555555555556
1018|F|1|1|24|7|0.2916666666666667
1019|F|8|1|25|10|3.1999999999999997
1019|M|17|9|25|10|0.7555555555555555
1020|M|22|11|24|14|1.1666666666666667
1020|F|2|3|24|14|0.3888888888888889
1021|F|4|4|17|15|0.8823529411764706
1021|M|13|11|17|15|1.0427807486631016
1022|F|3|11|5|26|1.4181818181818182
1022|M|2|15|5|26|0.6933333333333335
1023|F|4|3|7|8|1.5238095238095237
1023|M|3|5|7|8|0.6857142857142857
1024|M|13|22|15|29|1.1424242424242426
1024|F|2|7|15|29|0.5523809523809523
1025|F|1|1|1|3|3.0
1025|M|0|2|1|3|0.5
1026|F|0|1|1|2|0.6666666666666666
1026|M|1|1|1|2|2.0
1027|F|20|18|51|97|2.1132897603485836
1027|M|31|79|51|97|0.7463390419458922
1028|M|1|6|2|12|1.0
1028|F|1|6|2|12|1.0
1029|F|2|6|3|17|1.8888888888888886
1029|M|1|11|3|17|0.5151515151515151
1030|M|0|4|1|6|0.5
1030|F|1|2|1|6|3.0
1031|F|4|6|4|12|2.0
1031|M|0|6|4|12|0.3333333333333333
1032|F|5|7|11|21|1.3636363636363638
1032|M|6|14|11|21|0.8181818181818181
1033|M|3|19|5|22|0.6947368421052631
1033|F|2|3|5|22|2.9333333333333336
1034|F|12|9|28|40|1.9047619047619047
1034|M|16|31|28|40|0.7373271889400921
1035|F|7|6|8|16|2.3333333333333335
1035|M|1|10|8|16|0.2
1036|F|3|8|3|21|2.625
1036|M|0|13|3|21|0.3230769230769231
1037|F|3|2|6|11|2.75
1037|M|3|9|6|11|0.611111111111111
1038|F|24|4|70|20|1.7142857142857142
1038|M|46|16|70|20|0.8214285714285714
1039|F|3|8|4|21|1.96875
1039|M|1|13|4|21|0.40384615384615385
1040|F|10|14|22|40|1.2987012987012987
1040|M|12|26|22|40|0.8391608391608391
1041|M|6|16|10|18|0.675
1041|F|4|2|10|18|3.6000000000000005
1042|M|0|3|2|6|0.5
1042|F|2|3|2|6|2.0
1043|F|7|5|18|22|1.7111111111111112
1043|M|11|17|18|22|0.7908496732026145
1044|M|7|12|10|15|0.8749999999999999
1044|F|3|3|10|15|1.4999999999999998
1045|F|4|6|17|29|1.1372549019607843
1045|M|13|23|17|29|0.9641943734015345
1046|F|11|19|33|101|1.7719298245614035
1046|M|22|82|33|101|0.8211382113821137
1047|F|4|18|26|47|0.4017094017094017
1047|M|22|29|26|47|1.3713527851458887
1048|M|1|16|3|22|0.4583333333333333
1048|F|2|6|3|22|2.4444444444444446
1049|F|8|3|24|19|2.111111111111111
1049|M|16|16|24|19|0.7916666666666666
1050|F|9|4|18|23|2.875
1050|M|9|19|18|23|0.6052631578947368
1051|M|5|17|5|20|1.1764705882352942
1051|F|0|3|5|20|0.9523809523809523
1052|F|8|9|10|14|1.2444444444444445
1052|M|2|5|10|14|0.56
1053|F|1|12|2|21|0.875
1053|M|1|9|2|21|1.1666666666666667
1054|F|2|4|4|6|0.75
1054|M|2|2|4|6|1.5
1055|M|5|4|5|5|1.25
1055|F|0|1|5|5|0.7142857142857142
1056|M|3|11|3|19|1.7272727272727273
1056|F|0|8|3|19|0.47500000000000003
1057|F|2|5|7|8|0.45714285714285713
1057|M|5|3|7|8|1.9047619047619049
1058|F|1|1|12|23|1.9166666666666665
1058|M|11|22|12|23|0.9583333333333333
1059|F|4|7|12|27|1.2857142857142858
1059|M|8|20|12|27|0.9
1060|F|8|8|10|19|1.9000000000000001
1060|M|2|11|10|19|0.34545454545454546
1061|F|2|3|8|4|0.3333333333333333
1061|M|6|1|8|4|3.0
1062|F|8|12|21|20|0.6349206349206349
1062|M|13|8|21|20|1.5476190476190477
1063|M|4|0|4|0|2.0
1064|F|5|5|31|22|0.7096774193548387
1064|M|26|17|31|22|1.0853889943074004
1065|M|1|6|5|11|0.3666666666666667
1065|F|4|5|5|11|1.7600000000000002
1066|F|2|4|25|19|0.38
1066|M|23|15|25|19|1.1653333333333333
1067|M|4|4|5|7|1.4000000000000001
1067|F|1|3|5|7|0.46666666666666673
1068|F|2|3|10|8|0.5333333333333333
1068|M|8|5|10|8|1.28
1069|F|3|4|18|9|0.375
1069|M|15|5|18|9|1.5
1070|M|3|7|5|11|0.9428571428571428
1070|F|2|4|5|11|1.1
1071|M|1|4|1|6|1.5
1071|F|0|2|1|6|1.0
1072|F|7|6|44|22|0.5833333333333334
1072|M|37|16|44|22|1.15625
1073|F|10|13|22|55|1.9230769230769231
1073|M|12|42|22|55|0.7142857142857142
1074|M|2|3|3|4|0.8888888888888888
1074|F|1|1|3|4|1.3333333333333333
1075|M|0|6|0|12|1.0
1075|F|0|6|0|12|1.0
1076|F|1|3|3|5|0.5555555555555556
1076|M|2|2|3|5|1.6666666666666665
1077|M|2|12|6|16|0.4444444444444444
1077|F|4|4|6|16|2.6666666666666665
1078|F|2|7|7|38|1.5510204081632653
1078|M|5|31|7|38|0.8755760368663594
1079|M|1|0|2|0|1.0
1079|F|1|0|2|0|1.0
1080|M|2|5|2|6|1.2
1080|F|0|1|2|6|1.5
1081|F|0|5|0|8|0.8
1081|M|0|3|0|8|1.3333333333333333
1082|F|0|3|0|6|1.0
1082|M|0|3|0|6|1.0
1083|F|8|1|14|7|4.0
1083|M|6|6|14|7|0.5
1084|F|3|4|5|6|0.9
1084|M|2|2|5|6|1.2000000000000002
1085|F|5|3|10|11|1.8333333333333335
1085|M|5|8|10|11|0.6875
1086|F|0|2|1|9|1.5
1086|M|1|7|1|9|1.2857142857142856
1087|F|1|1|2|11|5.5
1087|M|1|10|2|11|0.55
1088|M|2|28|4|34|0.6071428571428572
1088|F|2|6|4|34|2.833333333333333
1089|M|2|26|6|31|0.3974358974358974
1089|F|4|5|6|31|4.133333333333333
1090|F|4|13|10|33|1.0153846153846156
1090|M|6|20|10|33|0.99
1091|F|0|4|0|12|1.5
1091|M|0|8|0|12|0.75
1092|M|9|12|10|13|0.975
1092|F|1|1|10|13|1.3
1093|M|1|6|3|9|0.5
1093|F|2|3|3|9|2.0
1094|M|2|19|5|24|0.5052631578947369
1094|F|3|5|5|24|2.88
1095|F|0|2|0|3|0.75
1095|M|0|1|0|3|1.5
1096|M|10|7|10|8|1.1428571428571428
1096|F|0|1|10|8|0.6666666666666666
1097|F|3|5|28|14|0.3
1097|M|25|9|28|14|1.3888888888888888
1098|M|5|4|7|6|1.0714285714285716
1098|F|2|2|7|6|0.8571428571428571
1099|F|0|3|2|6|0.5
1099|M|2|3|2|6|2.0
1100|F|8|6|50|24|0.64
1100|M|42|18|50|24|1.1199999999999999
1101|M|0|5|2|5|0.25
1101|F|2|0|2|5|7.0
1102|M|9|4|12|7|1.3125
1102|F|3|3|12|7|0.5833333333333334
1103|F|0|1|2|2|0.5
1103|M|2|1|2|2|2.0
1104|F|1|4|5|13|0.65
1104|M|4|9|5|13|1.1555555555555557
1105|M|2|1|2|2|2.0
1105|F|0|1|2|2|0.5
1106|F|2|3|7|11|1.0476190476190477
1106|M|5|8|7|11|0.9821428571428571
1107|M|1|2|1|4|2.0
1107|F|0|2|1|4|0.6666666666666666
1108|F|6|2|14|14|3.0
1108|M|8|12|14|14|0.6666666666666666
1109|F|4|4|13|28|2.153846153846154
1109|M|9|24|13|28|0.8076923076923077
1110|M|3|1|4|3|2.25
1110|F|1|2|4|3|0.375
1111|M|2|9|3|12|0.8888888888888888
1111|F|1|3|3|12|1.3333333333333333
1112|F|4|4|10|12|1.2000000000000002
1112|M|6|8|10|12|0.9
1113|M|3|2|5|5|1.4999999999999998
1113|F|2|3|5|5|0.6666666666666667
1114|M|12|10|15|14|1.12
1114|F|3|4|15|14|0.7000000000000001
1115|M|5|5|7|6|0.8571428571428571
1115|F|2|1|7|6|1.7142857142857142
1116|M|4|9|7|12|0.7619047619047619
1116|F|3|3|7|12|1.7142857142857142
1117|F|3|4|17|30|1.323529411764706
1117|M|14|26|17|30|0.9502262443438914
1118|F|15|11|31|28|1.2316715542521994
1118|M|16|17|31|28|0.8500948766603416
1119|M|3|10|6|11|0.55
1119|F|3|1|6|11|5.5
1120|F|4|3|13|8|0.8205128205128206
1120|M|9|5|13|8|1.1076923076923078
1121|M|1|0|1|0|2.0
1122|M|2|1|2|1|1.0
1123|F|2|1|10|2|0.4
1123|M|8|1|10|2|1.6
1124|M|4|0|4|0|2.0
1125|F|2|4|17|15|0.4411764705882353
1125|M|15|11|17|15|1.2032085561497328
1126|F|2|2|4|7|1.75
1126|M|2|5|4|7|0.7
1127|F|2|2|4|9|2.25
1127|M|2|7|4|9|0.6428571428571428
1128|F|4|2|17|11|1.2941176470588234
1128|M|13|9|17|11|0.9346405228758169
1129|F|1|0|1|0|2.0
1130|F|2|1|9|4|0.8888888888888888
1130|M|7|3|9|4|1.037037037037037
1131|F|2|4|7|25|1.7857142857142856
1131|M|5|21|7|25|0.8503401360544218
1132|F|2|7|8|22|0.7857142857142857
1132|M|6|15|8|22|1.1
1133|F|1|3|18|20|0.37037037037037035
1133|M|17|17|18|20|1.1111111111111112
1134|F|5|8|15|31|1.2916666666666667
1134|M|10|23|15|31|0.8985507246376812
1135|F|7|5|15|14|1.3066666666666666
1135|M|8|9|15|14|0.8296296296296296
1136|M|18|6|20|9|1.35
1136|F|2|3|20|9|0.30000000000000004
1137|F|1|1|3|2|0.6666666666666666
1137|M|2|1|3|2|1.3333333333333333
1138|F|1|6|5|28|0.9333333333333335
1138|M|4|22|5|28|1.0181818181818183
1139|F|1|4|2|15|1.875
1139|M|1|11|2|15|0.6818181818181819
1140|M|2|4|3|6|1.0
1140|F|1|2|3|6|1.0
1141|F|8|3|36|8|0.5925925925925926
1141|M|28|5|36|8|1.2444444444444445
1142|F|0|2|11|4|0.15384615384615385
1142|M|11|2|11|4|2.0
1143|F|0|2|1|2|0.3333333333333333
1143|M|1|0|1|2|4.0
1144|M|0|7|1|8|0.38095238095238093
1144|F|1|1|1|8|8.0
1145|M|0|1|0|3|1.5
1145|F|0|2|0|3|0.75
1146|F|8|2|16|5|1.25
1146|M|8|3|16|5|0.8333333333333334
1147|F|4|2|4|5|2.5
1147|M|0|3|4|5|0.2777777777777778
1148|F|4|2|18|8|0.8888888888888888
1148|M|14|6|18|8|1.037037037037037
1149|M|3|3|5|4|0.7999999999999999
1149|F|2|1|5|4|1.6
1150|M|0|7|0|7|0.5
1151|F|10|4|15|13|2.1666666666666665
1151|M|5|9|15|13|0.48148148148148145
1152|F|3|1|9|10|3.333333333333333
1152|M|6|9|9|10|0.7407407407407407
1153|M|4|6|5|7|0.9333333333333335
1153|F|1|1|5|7|1.4000000000000001
1154|F|0|1|1|2|0.6666666666666666
1154|M|1|1|1|2|2.0
1155|M|0|1|0|1|0.5
1156|F|3|3|9|16|1.7777777777777777
1156|M|6|13|9|16|0.8205128205128205
1157|F|0|1|3|1|0.2
1157|M|3|0|3|1|3.0
1158|M|6|4|6|5|1.25
1158|F|0|1|6|5|0.625
1159|F|4|4|16|10|0.625
1159|M|12|6|16|10|1.25
1160|F|1|2|3|10|1.6666666666666665
1160|M|2|8|3|10|0.8333333333333333
1161|M|0|5|0|5|0.5
1162|M|3|10|7|18|0.7714285714285714
1162|F|4|8|7|18|1.2857142857142858
1163|M|0|4|0|6|0.75
1163|F|0|2|0|6|1.5
1164|M|0|9|0|14|0.7777777777777777
1164|F|0|5|0|14|1.4
1165|M|4|4|5|7|1.4000000000000001
1165|F|1|3|5|7|0.46666666666666673
1166|M|6|1|7|4|3.4285714285714284
1166|F|1|3|7|4|0.19047619047619047
1167|M|6|7|11|11|0.8571428571428571
1167|F|5|4|11|11|1.25
1168|M|8|0|9|1|2.6666666666666665
1168|F|1|1|9|1|0.1111111111111111
1169|M|8|14|9|18|1.1428571428571428
1169|F|1|4|9|18|0.5
1170|M|3|7|3|11|1.5714285714285714
1170|F|0|4|3|11|0.55
1171|F|2|0|9|6|1.7777777777777777
1171|M|7|6|9|6|0.7777777777777778
1172|F|0|3|2|5|0.4166666666666667
1172|M|2|2|2|5|2.5
1173|M|1|5|2|6|0.6
1173|F|1|1|2|6|3.0
1174|M|2|0|3|2|2.6666666666666665
1174|F|1|2|3|2|0.3333333333333333
1175|F|6|4|12|10|1.25
1175|M|6|6|12|10|0.8333333333333334
1176|M|1|5|1|6|1.2
1176|F|0|1|1|6|2.0
1177|F|1|4|3|16|1.3333333333333333
1177|M|2|12|3|16|0.8888888888888888
1178|M|1|6|1|8|1.3333333333333333
1178|F|0|2|1|8|1.3333333333333333
1179|M|1|7|1|9|1.2857142857142856
1179|F|0|2|1|9|1.5
1180|M|2|6|2|8|1.3333333333333333
1180|F|0|2|2|8|1.0
1181|M|0|9|0|13|0.7222222222222222
1181|F|0|4|0|13|1.625
1182|M|2|15|3|16|0.711111111111111
1182|F|1|1|3|16|5.333333333333333
1183|M|1|7|1|9|1.2857142857142856
1183|F|0|2|1|9|1.5
1184|M|2|13|3|15|0.7692307692307692
1184|F|1|2|3|15|2.5
1185|M|1|1|1|2|2.0
1185|F|0|1|1|2|0.6666666666666666
1186|M|6|6|6|7|1.1666666666666667
1186|F|0|1|6|7|0.875
1187|M|9|31|9|35|1.1290322580645162
1187|F|0|4|9|35|0.7954545454545455
1188|M|2|0|3|0|1.3333333333333333
1188|F|1|0|3|0|0.6666666666666666
1189|F|2|4|4|7|0.875
1189|M|2|3|4|7|1.1666666666666667
1190|F|1|1|2|1|0.5
1190|M|1|0|2|1|1.5
1191|M|4|4|7|6|0.8571428571428571
1191|F|3|2|7|6|1.2857142857142858
1192|M|7|0|8|2|3.5
1192|F|1|2|8|2|0.125
1193|M|19|5|25|6|0.9119999999999999
1193|F|6|1|25|6|1.44
1194|F|1|3|5|6|0.4
1194|M|4|3|5|6|1.6
1195|M|1|1|1|2|2.0
1195|F|0|1|1|2|0.6666666666666666
1196|F|5|11|23|22|0.43478260869565216
1196|M|18|11|23|22|1.565217391304348
1197|M|2|4|2|5|1.25
1197|F|0|1|2|5|1.25
1198|M|7|15|7|16|1.0666666666666667
1198|F|0|1|7|16|1.7777777777777777
1199|M|4|2|4|3|1.5
1199|F|0|1|4|3|0.5
1200|M|1|0|1|0|2.0
1201|M|5|3|5|3|1.0
1202|F|4|2|15|6|0.8
1202|M|11|4|15|6|1.1
1203|M|8|7|10|8|0.9142857142857144
1203|F|2|1|10|8|1.6
1204|M|1|5|1|5|1.0
1205|F|1|2|3|16|2.6666666666666665
1205|M|2|14|3|16|0.7619047619047619
1206|M|1|12|2|15|0.625
1206|F|1|3|2|15|2.5
1207|F|0|5|5|15|0.42857142857142855
1207|M|5|10|5|15|1.5
1208|M|2|9|3|12|0.8888888888888888
1208|F|1|3|3|12|1.3333333333333333
1209|M|7|24|11|27|0.7159090909090909
1209|F|4|3|11|27|3.272727272727273
1210|F|3|1|5|7|4.2
1210|M|2|6|5|7|0.46666666666666673
1211|F|2|2|2|4|2.0
1211|M|0|2|2|4|0.5
1212|M|0|4|0|6|0.75
1212|F|0|2|0|6|1.5
1213|M|1|7|1|8|1.1428571428571428
1213|F|0|1|1|8|2.6666666666666665
1214|M|2|27|2|28|1.037037037037037
1214|F|0|1|2|28|7.0
1215|F|0|2|2|4|0.5
1215|M|2|2|2|4|2.0
1216|M|10|23|12|27|0.9782608695652174
1216|F|2|4|12|27|1.125
1217|M|11|13|13|13|0.8461538461538461
1217|F|2|0|13|13|2.307692307692308
1218|M|6|9|7|13|1.2380952380952381
1218|F|1|4|7|13|0.46428571428571425
1219|M|7|16|12|18|0.6562500000000001
1219|F|5|2|12|18|3.7500000000000004
1220|F|11|10|17|22|1.423529411764706
1220|M|6|12|17|22|0.6470588235294119
1221|M|4|19|4|21|1.1052631578947367
1221|F|0|2|4|21|1.75
1222|M|2|1|2|2|2.0
1222|F|0|1|2|2|0.5
1223|F|1|2|2|10|2.5
1223|M|1|8|2|10|0.625
1224|M|1|9|1|13|1.4444444444444444
1224|F|0|4|1|13|1.0833333333333333
1225|M|16|9|18|14|1.382716049382716
1225|F|2|5|18|14|0.31111111111111106
1226|F|1|3|1|7|2.3333333333333335
1226|M|0|4|1|7|0.5833333333333334
1227|M|8|34|9|39|1.0196078431372548
1227|F|1|5|9|39|0.8666666666666667
1228|M|1|8|1|12|1.5
1228|F|0|4|1|12|1.0
1229|F|0|4|0|18|2.25
1229|M|0|14|0|18|0.6428571428571428
1230|M|3|17|3|19|1.1176470588235294
1230|F|0|2|3|19|1.9000000000000001
1231|F|1|5|2|15|1.5
1231|M|1|10|2|15|0.75
1232|M|3|1|3|3|3.0
1232|F|0|2|3|3|0.30000000000000004
1233|F|1|1|2|6|3.0
1233|M|1|5|2|6|0.6
1234|M|1|0|1|0|2.0
1235|M|0|1|0|1|0.5
1236|M|1|2|2|4|1.0
1236|F|1|2|2|4|1.0
1237|M|3|3|3|5|1.6666666666666667
1237|F|0|2|3|5|0.5
1238|M|2|12|4|14|0.5833333333333334
1238|F|2|2|4|14|3.5
1239|M|12|10|14|12|1.0285714285714285
1239|F|2|2|14|12|0.8571428571428571
1240|F|1|1|2|4|2.0
1240|M|1|3|2|4|0.6666666666666666
1241|M|2|3|2|3|1.0
1242|F|1|1|4|3|0.75
1242|M|3|2|4|3|1.125
1243|F|1|4|7|29|1.0357142857142856
1243|M|6|25|7|29|0.9942857142857143
1244|M|7|9|9|10|0.8641975308641975
1244|F|2|1|9|10|2.222222222222222
1245|F|0|1|0|7|3.5
1245|M|0|6|0|7|0.5833333333333334
1246|M|0|3|0|6|1.0
1246|F|0|3|0|6|1.0
1247|F|1|4|4|15|0.9375
1247|M|3|11|4|15|1.0227272727272727
1248|F|1|2|2|10|2.5
1248|M|1|8|2|10|0.625
1249|F|0|1|0|6|3.0
1249|M|0|5|0|6|0.6
1250|F|2|2|6|2|0.3333333333333333
1250|M|4|0|6|2|2.6666666666666665
1251|F|0|2|3|6|0.6000000000000001
1251|M|3|4|3|6|1.5
1252|F|2|1|2|5|5.0
1252|M|0|4|2|5|0.3125
1253|F|0|5|0|11|1.1
1253|M|0|6|0|11|0.9166666666666667
1254|M|1|4|1|7|1.75
1254|F|0|3|1|7|0.7777777777777778
1255|F|0|2|0|3|0.75
1255|M|0|1|0|3|1.5
1256|F|0|3|0|4|0.6666666666666666
1256|M|0|1|0|4|2.0
1257|F|0|3|4|19|1.0555555555555556
1257|M|4|16|4|19|1.1875
1258|M|0|3|0|4|0.6666666666666666
1258|F|0|1|0|4|2.0
1259|M|1|2|1|3|1.5
1259|F|0|1|1|3|1.0
1260|F|1|1|3|1|0.3333333333333333
1260|M|2|0|3|1|2.0
1261|F|2|2|3|5|1.6666666666666665
1261|M|1|3|3|5|0.5555555555555556
1262|F|2|2|4|11|2.75
1262|M|2|9|4|11|0.611111111111111
1263|F|2|0|3|4|4.0
1263|M|1|4|3|4|0.3333333333333333
1264|M|6|10|6|13|1.2999999999999998
1264|F|0|3|6|13|0.5416666666666666
1265|M|6|4|6|6|1.5
1265|F|0|2|6|6|0.375
1266|M|8|19|10|23|0.968421052631579
1266|F|2|4|10|23|1.1500000000000001
1267|M|4|3|4|6|2.0
1267|F|0|3|4|6|0.3333333333333333
1268|F|4|2|6|4|1.3333333333333333
1268|M|2|2|6|4|0.6666666666666666
1269|M|0|5|0|7|0.7
1269|F|0|2|0|7|1.75
1270|F|0|3|2|5|0.4166666666666667
1270|M|2|2|2|5|2.5
1271|M|0|5|0|5|0.5
1272|M|2|11|3|12|0.7272727272727273
1272|F|1|1|3|12|4.0
1273|F|0|3|0|11|1.8333333333333335
1273|M|0|8|0|11|0.6875
1274|F|0|2|1|3|0.5
1274|M|1|1|1|3|3.0
1275|M|1|6|2|6|0.5
1275|F|1|0|2|6|4.0
1276|M|6|9|10|9|0.6
1276|F|4|0|10|9|4.4
1277|F|5|4|9|7|0.9722222222222223
1277|M|4|3|9|7|1.037037037037037
1278|F|0|3|2|7|0.5833333333333334
1278|M|2|4|2|7|1.75
1279|M|5|8|5|11|1.375
1279|F|0|3|5|11|0.5238095238095238
1280|F|3|5|5|8|0.96
1280|M|2|3|5|8|1.0666666666666667
1281|F|1|2|3|6|1.0
1281|M|2|4|3|6|1.0
1282|F|2|6|5|14|0.9333333333333335
1282|M|3|8|5|14|1.05
1283|F|3|8|6|20|1.25
1283|M|3|12|6|20|0.8333333333333334
1284|M|1|8|4|11|0.34375
1284|F|3|3|4|11|2.75
1285|F|3|3|10|7|0.7000000000000001
1285|M|7|4|10|7|1.225
1286|M|0|4|0|6|0.75
1286|F|0|2|0|6|1.5
1287|M|4|1|4|3|3.0
1287|F|0|2|4|3|0.25
1288|M|0|3|1|6|0.6666666666666666
1288|F|1|3|1|6|2.0
1289|M|0|1|0|2|1.0
1289|F|0|1|0|2|1.0
1290|M|1|11|1|14|1.2727272727272727
1290|F|0|3|1|14|1.5555555555555556
1291|F|0|1|0|3|1.5
1291|M|0|2|0|3|0.75
1292|M|3|0|3|0|2.0
1293|M|3|3|4|3|0.75
1293|F|1|0|4|3|1.25
1294|M|1|4|1|6|1.5
1294|F|0|2|1|6|1.0
1295|F|3|6|8|12|0.75
1295|M|5|6|8|12|1.25
1296|F|3|4|5|7|1.05
1296|M|2|3|5|7|0.9333333333333335
1297|F|2|0|4|5|3.5
1297|M|2|5|4|5|0.5
1298|F|1|3|3|5|0.5555555555555556
1298|M|2|2|3|5|1.6666666666666665
1299|F|1|4|1|8|2.0
1299|M|0|4|1|8|0.6666666666666666
1300|F|1|0|3|2|1.3333333333333333
1300|M|2|2|3|2|0.6666666666666666
1301|F|0|1|2|3|0.75
1301|M|2|2|2|3|1.5
1302|M|1|15|2|16|0.5333333333333333
1302|F|1|1|2|16|8.0
1303|M|1|1|1|1|1.0
1304|M|1|5|1|6|1.2
1304|F|0|1|1|6|2.0
1305|F|0|1|1|1|0.3333333333333333
1305|M|1|0|1|1|3.0
1306|F|0|1|0|2|1.0
1306|M|0|1|0|2|1.0
1307|F|0|1|0|2|1.0
1307|M|0|1|0|2|1.0
1308|M|0|1|0|1|0.5
1309|M|0|1|0|1|0.5
1310|F|2|8|3|13|1.0833333333333333
1310|M|1|5|3|13|0.8666666666666666
1311|F|1|0|3|4|2.0
1311|M|2|4|3|4|0.6666666666666666
1312|F|2|3|7|7|0.6666666666666666
1312|M|5|4|7|7|1.25
1313|M|0|11|0|11|0.5
1314|F|4|5|10|13|1.04
1314|M|6|8|10|13|0.9749999999999999
1315|M|2|1|3|4|2.6666666666666665
1315|F|1|3|3|4|0.4444444444444444
1316|M|0|1|1|3|1.0
1316|F|1|2|1|3|1.5
1317|M|0|2|0|3|0.75
1317|F|0|1|0|3|1.5
1318|M|0|3|0|4|0.6666666666666666
1318|F|0|1|0|4|2.0
1319|M|0|1|0|1|0.5
1320|M|1|1|1|1|1.0
1321|M|0|5|0|6|0.6
1321|F|0|1|0|6|3.0
1322|M|1|2|1|2|1.0
1323|M|1|4|1|4|1.0
1324|M|0|1|0|1|0.5
1325|M|2|2|4|2|0.5
1325|F|2|0|4|2|2.0
1326|M|1|2|1|2|1.0
1327|F|2|0|4|2|2.0
1327|M|2|2|4|2|0.5
1328|M|0|1|0|1|0.5
1329|M|0|4|0|4|0.5
1330|F|1|0|2|2|2.0
1330|M|1|2|2|2|0.5
1331|M|0|2|0|2|0.5
1332|M|1|4|1|4|1.0
1333|M|0|1|0|2|1.0
1333|F|0|1|0|2|1.0
1334|M|3|6|3|8|1.3333333333333333
1334|F|0|2|3|8|0.8
1335|M|0|6|0|10|0.8333333333333334
1335|F|0|4|0|10|1.25
1336|M|0|7|0|9|0.6428571428571428
1336|F|0|2|0|9|2.25
1337|M|0|2|1|3|0.5
1337|F|1|1|1|3|3.0
1338|M|0|1|0|1|0.5
1339|M|0|1|0|1|0.5
1340|M|0|1|0|1|0.5
1341|M|1|1|1|1|1.0
1342|M|0|1|0|1|0.5
1343|M|2|2|2|3|1.5
1343|F|0|1|2|3|0.75
1344|M|0|2|0|2|0.5
1345|M|0|3|1|4|0.4444444444444444
1345|F|1|1|1|4|4.0
1346|M|1|3|1|3|1.0
1347|M|0|1|0|1|0.5
1348|M|0|1|0|1|0.5
1349|M|0|2|0|2|0.5
1350|M|0|2|0|3|0.75
1350|F|0|1|0|3|1.5
1351|M|0|1|0|1|0.5
1352|M|2|2|2|3|1.5
1352|F|0|1|2|3|0.75
1353|M|0|2|0|2|0.5
1354|M|2|2|3|3|1.0
1354|F|1|1|3|3|1.0
1355|M|1|1|1|2|2.0
1355|F|0|1|1|2|0.6666666666666666
1356|M|1|1|1|2|2.0
1356|F|0|1|1|2|0.6666666666666666
1357|M|1|1|1|1|1.0
1358|M|0|1|0|2|1.0
1358|F|0|1|0|2|1.0
1359|M|0|2|0|2|0.5
1360|M|0|2|1|2|0.3333333333333333
1360|F|1|0|1|2|4.0
1361|M|0|2|0|2|0.5
1362|M|0|1|0|1|0.5
1363|M|0|1|0|1|0.5
1364|M|0|2|0|2|0.5
1365|M|0|1|0|1|0.5
1366|M|4|1|4|1|1.0
1367|M|2|2|4|2|0.5
1367|F|2|0|4|2|2.0
1368|M|1|3|1|3|1.0
1369|M|1|1|1|2|2.0
1369|F|0|1|1|2|0.6666666666666666
1370|M|0|2|0|2|0.5
1371|M|2|1|2|1|1.0
1372|M|0|1|0|1|0.5
1373|M|0|2|0|2|0.5
1374|M|5|3|5|5|1.6666666666666667
1374|F|0|2|5|5|0.3571428571428571
1375|M|1|5|1|6|1.2
1375|F|0|1|1|6|2.0
1376|M|1|2|2|2|0.5
1376|F|1|0|2|2|2.0
1377|F|0|2|0|5|1.25
1377|M|0|3|0|5|0.8333333333333334
1378|M|1|4|1|6|1.5
1378|F|0|2|1|6|1.0
1379|F|1|3|1|5|1.6666666666666667
1379|M|0|2|1|5|0.8333333333333333
1380|F|0|3|2|6|0.5
1380|M|2|3|2|6|2.0
1381|F|0|2|0|4|1.0
1381|M|0|2|0|4|1.0
1382|M|0|2|1|5|0.8333333333333333
1382|F|1|3|1|5|1.6666666666666667
1383|F|0|2|0|3|0.75
1383|M|0|1|0|3|1.5
1384|M|1|2|2|3|0.75
1384|F|1|1|2|3|1.5
1385|F|1|1|2|4|2.0
1385|M|1|3|2|4|0.6666666666666666
1386|F|0|2|0|3|0.75
1386|M|0|1|0|3|1.5
1387|F|1|2|3|3|0.5
1387|M|2|1|3|3|2.0
1388|F|0|1|1|2|0.6666666666666666
1388|M|1|1|1|2|2.0
1389|F|0|1|0|2|1.0
1389|M|0|1|0|2|1.0
1390|F|1|1|1|2|2.0
1390|M|0|1|1|2|0.6666666666666666
1391|M|1|3|1|4|1.3333333333333333
1391|F|0|1|1|4|1.3333333333333333
1392|M|0|7|0|9|0.6428571428571428
1392|F|0|2|0|9|2.25
1393|F|2|2|3|4|1.3333333333333333
1393|M|1|2|3|4|0.6666666666666666
1394|M|2|2|2|4|2.0
1394|F|0|2|2|4|0.5
1395|F|1|0|5|0|0.4
1395|M|4|0|5|0|1.6
1396|M|2|1|3|2|1.3333333333333333
1396|F|1|1|3|2|0.6666666666666666
1397|M|2|0|2|0|2.0
1398|F|0|3|1|6|0.6666666666666666
1398|M|1|3|1|6|2.0
1399|M|2|5|3|7|0.9333333333333332
1399|F|1|2|3|7|1.1666666666666667
1400|M|5|6|8|10|1.0416666666666667
1400|F|3|4|8|10|0.9375
1401|M|2|1|2|2|2.0
1401|F|0|1|2|2|0.5
1402|M|1|2|1|3|1.5
1402|F|0|1|1|3|1.0
1403|M|5|5|5|8|1.6
1403|F|0|3|5|8|0.38095238095238093
1404|F|0|2|3|3|0.30000000000000004
1404|M|3|1|3|3|3.0
1405|F|1|1|2|3|1.5
1405|M|1|2|2|3|0.75
1406|M|0|16|0|20|0.625
1406|F|0|4|0|20|2.5
1407|M|0|2|0|3|0.75
1407|F|0|1|0|3|1.5
1408|M|1|2|3|4|0.6666666666666666
1408|F|2|2|3|4|1.3333333333333333
1409|M|1|3|1|3|1.0
1410|M|7|16|7|21|1.3125
1410|F|0|5|7|21|0.4666666666666667
1411|M|0|4|0|6|0.75
1411|F|0|2|0|6|1.5
1412|M|1|4|2|6|0.75
1412|F|1|2|2|6|1.5
1413|M|0|1|0|1|0.5
1414|F|1|3|2|7|1.1666666666666667
1414|M|1|4|2|7|0.875
1415|F|0|1|0|5|2.5
1415|M|0|4|0|5|0.625
1416|F|0|1|0|2|1.0
1416|M|0|1|0|2|1.0
1417|F|1|0|2|1|1.5
1417|M|1|1|2|1|0.5
1418|M|1|14|1|15|1.0714285714285714
1418|F|0|1|1|15|5.0
1419|M|0|3|0|3|0.5
1420|F|2|2|5|6|1.2000000000000002
1420|M|3|4|5|6|0.9
1421|F|0|2|0|4|1.0
1421|M|0|2|0|4|1.0
1422|F|0|1|0|4|2.0
1422|M|0|3|0|4|0.6666666666666666
1423|F|0|2|0|3|0.75
1423|M|0|1|0|3|1.5
1424|F|2|2|3|7|2.3333333333333335
1424|M|1|5|3|7|0.4666666666666666
1425|M|2|4|3|5|0.8333333333333333
1425|F|1|1|3|5|1.6666666666666665
1426|M|1|3|1|4|1.3333333333333333
1426|F|0|1|1|4|1.3333333333333333
1427|M|4|5|6|6|0.7999999999999999
1427|F|2|1|6|6|2.0
1428|F|0|2|2|2|0.25
1428|M|2|0|2|2|4.0
1429|M|0|2|0|3|0.75
1429|F|0|1|0|3|1.5
1430|M|3|0|3|2|4.0
1430|F|0|2|3|2|0.2
1431|M|0|1|0|3|1.5
1431|F|0|2|0|3|0.75
1432|F|0|2|0|2|0.5
1433|M|3|3|3|7|2.3333333333333335
1433|F|0|4|3|7|0.35000000000000003
1434|F|1|2|1|6|3.0
1434|M|0|4|1|6|0.5
1435|F|0|1|0|2|1.0
1435|M|0|1|0|2|1.0
1436|F|0|2|0|9|2.25
1436|M|0|7|0|9|0.6428571428571428
1437|F|0|2|1|4|0.6666666666666666
1437|M|1|2|1|4|2.0
1438|M|1|5|2|6|0.6
1438|F|1|1|2|6|3.0
1439|M|1|4|1|4|1.0
1440|M|0|3|0|7|1.1666666666666667
1440|F|0|4|0|7|0.875
1441|F|1|4|1|4|1.0
1442|F|1|0|3|1|1.0
1442|M|2|1|3|1|0.6666666666666666
1443|F|1|8|2|17|1.0625
1443|M|1|9|2|17|0.9444444444444444
1444|M|1|1|1|3|3.0
1444|F|0|2|1|3|0.5
1445|F|2|3|6|9|1.0
1445|M|4|6|6|9|1.0
1446|M|0|1|0|1|0.5
1447|F|0|1|1|2|0.6666666666666666
1447|M|1|1|1|2|2.0
1448|M|8|0|8|0|2.0
1449|M|1|1|1|1|1.0
1450|M|9|5|10|5|0.9
1450|F|1|0|10|5|0.7000000000000001
1451|M|1|0|1|0|2.0
1452|M|0|1|0|1|0.5
1453|M|1|4|1|5|1.25
1453|F|0|1|1|5|1.6666666666666665
1454|M|0|2|0|2|0.5
1455|M|5|2|5|2|1.0
1456|M|0|1|0|1|0.5
1457|M|1|0|1|0|2.0
1458|M|2|3|4|3|0.5
1458|F|2|0|4|3|2.5
1459|M|0|1|0|1|0.5
1460|M|0|1|0|1|0.5
1461|M|3|3|3|4|1.3333333333333333
1461|F|0|1|3|4|0.8
1462|M|2|1|2|1|1.0
1463|M|1|1|1|2|2.0
1463|F|0|1|1|2|0.6666666666666666
1464|M|0|1|0|3|1.5
1464|F|0|2|0|3|0.75
1465|M|1|1|4|2|0.5
1465|F|3|1|4|2|1.5
1466|M|2|0|2|0|2.0
1467|F|1|3|3|3|0.3333333333333333
1467|M|2|0|3|3|3.333333333333333
1468|M|2|3|5|7|0.9333333333333335
1468|F|3|4|5|7|1.05
1469|M|1|3|1|4|1.3333333333333333
1469|F|0|1|1|4|1.3333333333333333
1470|M|0|5|2|7|0.35
1470|F|2|2|2|7|3.5
1471|F|1|0|1|1|3.0
1471|M|0|1|1|1|0.3333333333333333
1472|M|3|0|5|4|3.6
1472|F|2|4|5|4|0.4
1473|M|1|2|2|4|1.0
1473|F|1|2|2|4|1.0
1474|M|1|3|2|6|1.0
1474|F|1|3|2|6|1.0
1475|M|0|1|0|1|0.5
1476|F|0|1|0|2|1.0
1476|M|0|1|0|2|1.0
1477|M|3|11|4|14|0.9545454545454546
1477|F|1|3|4|14|1.1666666666666667
1478|F|1|5|1|7|1.4
1478|M|0|2|1|7|1.1666666666666667
1479|F|1|5|1|10|2.0
1479|M|0|5|1|10|0.6666666666666666
1480|M|1|1|1|1|1.0
1481|M|1|0|1|0|2.0
1482|M|5|4|7|5|0.8928571428571428
1482|F|2|1|7|5|1.4285714285714284
1483|M|1|1|1|2|2.0
1483|F|0|1|1|2|0.6666666666666666
1484|M|2|2|2|2|1.0
1485|M|0|1|0|1|0.5
1486|F|0|1|0|5|2.5
1486|M|0|4|0|5|0.625
1487|M|2|1|2|2|2.0
1487|F|0|1|2|2|0.5
1488|F|0|1|0|5|2.5
1488|M|0|4|0|5|0.625
1489|F|0|2|1|2|0.3333333333333333
1489|M|1|0|1|2|4.0
1490|M|1|1|1|1|1.0
1491|M|1|0|1|0|2.0
1492|M|0|1|0|1|0.5
1493|M|0|1|0|1|0.5
1494|M|2|2|2|3|1.5
1494|F|0|1|2|3|0.75
1495|M|1|3|2|3|0.5
1495|F|1|0|2|3|2.5
1496|M|1|1|1|1|1.0
1497|M|1|0|1|0|2.0
1498|F|0|2|2|2|0.25
1498|M|2|0|2|2|4.0
1499|M|2|0|2|0|2.0
1500|M|2|2|2|3|1.5
1500|F|0|1|2|3|0.75
1501|M|0|2|0|2|0.5
1502|F|4|4|4|6|1.5
1502|M|0|2|4|6|0.5
1503|M|2|1|2|1|1.0
1504|M|1|0|1|0|2.0
1505|M|2|0|2|1|3.0
1505|F|0|1|2|1|0.25
1506|M|0|1|0|1|0.5
1507|F|0|2|0|3|0.75
1507|M|0|1|0|3|1.5
1508|F|0|3|0|5|0.8333333333333334
1508|M|0|2|0|5|1.25
1509|M|0|1|0|1|0.5
1510|F|1|2|2|3|0.75
1510|M|1|1|2|3|1.5
1511|M|4|2|4|2|1.0
1512|F|0|1|0|3|1.5
1512|M|0|2|0|3|0.75
1513|F|0|2|3|4|0.4
1513|M|3|2|3|4|2.0
1514|M|1|0|1|0|2.0
1515|F|1|1|2|1|0.5
1515|M|1|0|2|1|1.5
1516|F|2|3|2|3|1.0
1517|M|2|5|4|8|0.8
1517|F|2|3|4|8|1.3333333333333333
1518|F|1|1|1|1|1.0
1519|F|0|1|0|1|0.5
1520|F|0|2|0|4|1.0
1520|M|0|2|0|4|1.0
1521|F|0|5|0|7|0.7
1521|M|0|2|0|7|1.75
1522|M|1|1|1|1|1.0
1523|M|7|1|7|1|1.0
1524|M|1|0|1|0|2.0
1525|M|1|0|1|0|2.0
1526|F|1|2|2|5|1.25
1526|M|1|3|2|5|0.8333333333333334
1527|F|0|2|0|3|0.75
1527|M|0|1|0|3|1.5
1528|M|1|2|1|4|2.0
1528|F|0|2|1|4|0.6666666666666666
1529|F|0|4|0|5|0.625
1529|M|0|1|0|5|2.5
1530|F|1|2|4|3|0.375
1530|M|3|1|4|3|2.25
1531|M|0|1|0|2|1.0
1531|F|0|1|0|2|1.0
1532|M|1|0|1|0|2.0
1533|M|2|3|2|4|1.3333333333333333
1533|F|0|1|2|4|1.0
1534|F|0|2|2|2|0.25
1534|M|2|0|2|2|4.0
1535|M|1|0|1|0|2.0
1536|M|3|0|3|1|3.0
1536|F|0|1|3|1|0.2
1537|F|0|2|0|3|0.75
1537|M|0|1|0|3|1.5
1538|F|0|3|0|4|0.6666666666666666
1538|M|0|1|0|4|2.0
1539|F|3|2|3|7|3.5
1539|M|0|5|3|7|0.28
1540|M|1|1|1|1|1.0
1541|M|1|1|1|1|1.0
1542|M|0|1|0|1|0.5
1543|F|1|2|1|2|1.0
1544|F|1|2|1|3|1.5
1544|M|0|1|1|3|1.0
1545|F|0|1|0|1|0.5
1546|F|0|1|1|1|0.3333333333333333
1546|M|1|0|1|1|3.0
1547|F|0|1|0|1|0.5
1548|F|0|2|0|2|0.5
1549|F|0|2|0|2|0.5
1550|F|0|1|0|2|1.0
1550|M|0|1|0|2|1.0
1551|M|0|2|0|3|0.75
1551|F|0|1|0|3|1.5
1552|M|0|2|1|3|0.5
1552|F|1|1|1|3|3.0
1553|F|1|1|1|1|1.0
1554|F|0|1|1|4|1.3333333333333333
1554|M|1|3|1|4|1.3333333333333333
1555|M|0|1|0|2|1.0
1555|F|0|1|0|2|1.0
1556|F|0|1|0|1|0.5
1557|M|4|2|4|3|1.5
1557|F|0|1|4|3|0.5
1558|F|0|1|0|1|0.5
1559|M|2|0|2|2|4.0
1559|F|0|2|2|2|0.25
1560|F|0|1|0|1|0.5
1561|F|0|1|0|1|0.5
1562|F|0|1|0|1|0.5
1563|F|0|1|0|1|0.5
1564|F|0|1|0|1|0.5
1565|F|0|1|0|1|0.5
1566|F|0|1|0|1|0.5
1567|F|0|1|0|1|0.5
1568|F|0|1|0|1|0.5
1569|F|0|1|0|1|0.5
1570|F|0|1|0|1|0.5
1571|F|0|1|0|1|0.5
1572|M|1|0|1|1|3.0
1572|F|0|1|1|1|0.3333333333333333
1573|F|0|1|0|1|0.5
1574|F|0|1|0|1|0.5
1575|F|0|1|0|1|0.5
1576|F|0|1|0|1|0.5
1577|F|0|2|0|2|0.5
1578|F|0|1|0|1|0.5
1579|F|0|1|0|1|0.5
1580|F|0|1|0|1|0.5
1581|F|0|1|0|1|0.5
1582|F|0|1|0|1|0.5
1583|F|0|1|0|1|0.5
1584|F|1|1|1|1|1.0
1585|F|0|1|0|1|0.5
1586|F|0|1|0|1|0.5
1587|F|0|2|0|2|0.5
1588|F|0|2|1|3|0.5
1588|M|1|1|1|3|3.0
1589|F|0|2|0|2|0.5
1590|M|3|2|3|3|1.5
1590|F|0|1|3|3|0.6000000000000001
1591|M|3|1|3|2|2.0
1591|F|0|1|3|2|0.4
1592|M|1|0|1|0|2.0
1593|F|1|0|2|0|1.0
1593|M|1|0|2|0|1.0
1594|M|0|1|0|1|0.5
1595|M|0|1|0|1|0.5
1596|M|1|4|1|4|1.0
1597|F|0|1|1|5|1.6666666666666665
1597|M|1|4|1|5|1.25
1598|F|1|0|1|0|2.0
1599|F|1|2|2|2|0.5
1599|M|1|0|2|2|2.0
1600|M|0|1|0|1|0.5
1601|M|1|0|1|2|4.0
1601|F|0|2|1|2|0.3333333333333333
1602|F|0|1|0|1|0.5
1603|M|1|0|1|0|2.0
1604|F|0|3|1|3|0.3333333333333333
1604|M|1|0|1|3|5.0
1605|F|0|1|0|1|0.5
1606|F|0|1|1|2|0.6666666666666666
1606|M|1|1|1|2|2.0
1607|F|0|1|0|4|2.0
1607|M|0|3|0|4|0.6666666666666666
1608|F|0|1|0|3|1.5
1608|M|0|2|0|3|0.75
1609|F|0|1|0|3|1.5
1609|M|0|2|0|3|0.75
1610|F|0|1|0|2|1.0
1610|M|0|1|0|2|1.0
1611|F|1|1|3|1|0.3333333333333333
1611|M|2|0|3|1|2.0
1612|M|1|0|1|0|2.0
1613|F|0|1|0|1|0.5
1614|M|2|5|4|6|0.6
1614|F|2|1|4|6|3.0
1615|M|1|0|1|0|2.0
1616|M|1|1|1|1|1.0
1617|M|0|1|0|1|0.5
1618|M|0|1|0|1|0.5
1619|F|2|1|4|5|2.5
1619|M|2|4|4|5|0.625
1620|M|0|1|0|1|0.5
1621|M|1|2|1|2|1.0
1622|F|1|0|3|0|0.6666666666666666
1622|M|2|0|3|0|1.3333333333333333
1623|M|0|1|0|1|0.5
1624|M|1|0|1|0|2.0
1625|M|0|1|0|1|0.5
1626|M|0|1|0|1|0.5
1627|F|1|1|2|2|1.0
1627|M|1|1|2|2|1.0
1628|F|1|1|1|1|1.0
1629|F|0|1|0|1|0.5
1630|F|1|0|1|1|3.0
1630|M|0|1|1|1|0.3333333333333333
1631|F|0|1|0|1|0.5
1632|F|0|1|0|1|0.5
1633|F|0|1|0|1|0.5
1634|F|0|1|0|1|0.5
1635|F|1|0|1|0|2.0
1636|F|0|1|0|1|0.5
1637|F|0|1|0|1|0.5
1638|M|2|0|3|0|1.3333333333333333
1638|F|1|0|3|0|0.6666666666666666
1639|F|0|1|0|1|0.5
1640|F|0|1|0|1|0.5
1641|F|2|0|2|0|2.0
1642|F|1|1|2|2|1.0
1642|M|1|1|2|2|1.0
1643|F|0|2|0|2|0.5
1644|F|1|0|1|0|2.0
1645|F|0|1|1|1|0.3333333333333333
1645|M|1|0|1|1|3.0
1646|F|0|1|0|1|0.5
1647|F|0|1|0|1|0.5
1648|F|0|1|0|1|0.5
1649|F|1|0|1|0|2.0
1650|F|1|0|1|0|2.0
1651|F|0|2|0|3|0.75
1651|M|0|1|0|3|1.5
1652|M|1|0|1|0|2.0
1653|M|0|1|0|1|0.5
1654|M|0|1|0|1|0.5
1655|M|1|0|1|1|3.0
1655|F|0|1|1|1|0.3333333333333333
1656|M|0|1|0|1|0.5
1657|F|0|2|1|2|0.3333333333333333
1657|M|1|0|1|2|4.0
1658|M|0|1|0|1|0.5
1659|M|0|1|0|1|0.5
1660|F|0|1|0|1|0.5
1661|M|0|1|1|1|0.3333333333333333
1661|F|1|0|1|1|3.0
1662|F|0|1|0|1|0.5
1663|F|1|1|3|1|0.3333333333333333
1663|M|2|0|3|1|2.0
1664|F|0|1|0|1|0.5
1665|F|0|1|0|1|0.5
1666|F|0|1|0|1|0.5
1667|F|0|1|0|1|0.5
1668|F|0|1|0|1|0.5
1669|F|0|1|0|1|0.5
1670|F|0|1|0|1|0.5
1671|M|0|2|0|2|0.5
1672|F|0|1|0|1|0.5
1673|M|1|0|1|0|2.0
1674|M|0|1|0|1|0.5
1675|M|0|1|0|1|0.5
1676|F|0|1|0|1|0.5
1677|M|0|1|0|1|0.5
1678|M|0|1|0|1|0.5
1679|M|0|1|0|1|0.5
1680|M|0|1|0|1|0.5
1681|M|0|1|0|1|0.5
